file,line,type,commit,author,date,time,timezone,datetime,depth,length
style.css,1,css,3fbe2540,stephmuna,2025-10-17,02:10:04,-07:00,2025-10-17T02:10:04-07:00,0,3
style.css,2,css,3fbe2540,stephmuna,2025-10-17,02:10:04,-07:00,2025-10-17T02:10:04-07:00,1,23
style.css,3,css,3fbe2540,stephmuna,2025-10-17,02:10:04,-07:00,2025-10-17T02:10:04-07:00,0,0
style.css,4,css,3fbe2540,stephmuna,2025-10-17,02:10:04,-07:00,2025-10-17T02:10:04-07:00,0,0
style.css,5,css,54475904,stephmuna,2025-10-03,20:49:42,-07:00,2025-10-03T20:49:42-07:00,0,4
style.css,6,css,33a14698,stephmuna,2025-10-10,01:16:26,-07:00,2025-10-10T01:16:26-07:00,2,0
style.css,7,css,54475904,stephmuna,2025-10-03,20:49:42,-07:00,2025-10-03T20:49:42-07:00,2,23
style.css,8,css,33a14698,stephmuna,2025-10-10,01:16:26,-07:00,2025-10-10T01:16:26-07:00,2,15
style.css,9,css,33a14698,stephmuna,2025-10-10,01:16:26,-07:00,2025-10-10T01:16:26-07:00,2,18
style.css,10,css,33a14698,stephmuna,2025-10-10,01:16:26,-07:00,2025-10-10T01:16:26-07:00,2,10
style.css,11,css,54475904,stephmuna,2025-10-03,20:49:42,-07:00,2025-10-03T20:49:42-07:00,1,0
style.css,12,css,33a14698,stephmuna,2025-10-10,01:16:26,-07:00,2025-10-10T01:16:26-07:00,1,0
style.css,13,css,33a14698,stephmuna,2025-10-10,01:16:26,-07:00,2025-10-10T01:16:26-07:00,1,3
style.css,14,css,33a14698,stephmuna,2025-10-10,01:16:26,-07:00,2025-10-10T01:16:26-07:00,2,11
style.css,15,css,33a14698,stephmuna,2025-10-10,01:16:26,-07:00,2025-10-10T01:16:26-07:00,2,12
style.css,16,css,33a14698,stephmuna,2025-10-10,01:16:26,-07:00,2025-10-10T01:16:26-07:00,1,0
style.css,17,css,33a14698,stephmuna,2025-10-10,01:16:26,-07:00,2025-10-10T01:16:26-07:00,2,5
style.css,18,css,33a14698,stephmuna,2025-10-10,01:16:26,-07:00,2025-10-10T01:16:26-07:00,2,6
style.css,19,css,33a14698,stephmuna,2025-10-10,01:16:26,-07:00,2025-10-10T01:16:26-07:00,2,16
style.css,20,css,33a14698,stephmuna,2025-10-10,01:16:26,-07:00,2025-10-10T01:16:26-07:00,1,0
style.css,21,css,33a14698,stephmuna,2025-10-10,01:16:26,-07:00,2025-10-10T01:16:26-07:00,1,0
style.css,22,css,33a14698,stephmuna,2025-10-10,01:16:26,-07:00,2025-10-10T01:16:26-07:00,1,3
style.css,23,css,3fbe2540,stephmuna,2025-10-17,02:10:04,-07:00,2025-10-17T02:10:04-07:00,2,39
style.css,24,css,33a14698,stephmuna,2025-10-10,01:16:26,-07:00,2025-10-10T01:16:26-07:00,2,12
style.css,25,css,33a14698,stephmuna,2025-10-10,01:16:26,-07:00,2025-10-10T01:16:26-07:00,2,17
style.css,26,css,33a14698,stephmuna,2025-10-10,01:16:26,-07:00,2025-10-10T01:16:26-07:00,2,23
style.css,27,css,33a14698,stephmuna,2025-10-10,01:16:26,-07:00,2025-10-10T01:16:26-07:00,2,25
style.css,28,css,3fbe2540,stephmuna,2025-10-17,02:10:04,-07:00,2025-10-17T02:10:04-07:00,2,39
style.css,29,css,3fbe2540,stephmuna,2025-10-17,02:10:04,-07:00,2025-10-17T02:10:04-07:00,0,0
style.css,30,css,3fbe2540,stephmuna,2025-10-17,02:10:04,-07:00,2025-10-17T02:10:04-07:00,2,0
style.css,31,css,33a14698,stephmuna,2025-10-10,01:16:26,-07:00,2025-10-10T01:16:26-07:00,1,0
style.css,32,css,33a14698,stephmuna,2025-10-10,01:16:26,-07:00,2025-10-10T01:16:26-07:00,1,0
style.css,33,css,33a14698,stephmuna,2025-10-10,01:16:26,-07:00,2025-10-10T01:16:26-07:00,1,0
style.css,34,css,33a14698,stephmuna,2025-10-10,01:16:26,-07:00,2025-10-10T01:16:26-07:00,1,14
style.css,35,css,33a14698,stephmuna,2025-10-10,01:16:26,-07:00,2025-10-10T01:16:26-07:00,2,20
style.css,36,css,33a14698,stephmuna,2025-10-10,01:16:26,-07:00,2025-10-10T01:16:26-07:00,2,13
style.css,37,css,33a14698,stephmuna,2025-10-10,01:16:26,-07:00,2025-10-10T01:16:26-07:00,2,17
style.css,38,css,33a14698,stephmuna,2025-10-10,01:16:26,-07:00,2025-10-10T01:16:26-07:00,2,13
style.css,39,css,33a14698,stephmuna,2025-10-10,01:16:26,-07:00,2025-10-10T01:16:26-07:00,1,0
style.css,40,css,33a14698,stephmuna,2025-10-10,01:16:26,-07:00,2025-10-10T01:16:26-07:00,0,0
style.css,41,css,33a14698,stephmuna,2025-10-10,01:16:26,-07:00,2025-10-10T01:16:26-07:00,1,13
style.css,42,css,33a14698,stephmuna,2025-10-10,01:16:26,-07:00,2025-10-10T01:16:26-07:00,2,30
style.css,43,css,33a14698,stephmuna,2025-10-10,01:16:26,-07:00,2025-10-10T01:16:26-07:00,2,20
style.css,44,css,3fbe2540,stephmuna,2025-10-17,02:10:04,-07:00,2025-10-17T02:10:04-07:00,2,39
style.css,45,css,3fbe2540,stephmuna,2025-10-17,02:10:04,-07:00,2025-10-17T02:10:04-07:00,0,0
style.css,46,css,33a14698,stephmuna,2025-10-10,01:16:26,-07:00,2025-10-10T01:16:26-07:00,1,0
style.css,47,css,33a14698,stephmuna,2025-10-10,01:16:26,-07:00,2025-10-10T01:16:26-07:00,0,0
style.css,48,css,33a14698,stephmuna,2025-10-10,01:16:26,-07:00,2025-10-10T01:16:26-07:00,1,5
style.css,49,css,33a14698,stephmuna,2025-10-10,01:16:26,-07:00,2025-10-10T01:16:26-07:00,2,32
style.css,50,css,33a14698,stephmuna,2025-10-10,01:16:26,-07:00,2025-10-10T01:16:26-07:00,2,32
style.css,51,css,33a14698,stephmuna,2025-10-10,01:16:26,-07:00,2025-10-10T01:16:26-07:00,1,0
style.css,52,css,33a14698,stephmuna,2025-10-10,01:16:26,-07:00,2025-10-10T01:16:26-07:00,0,0
style.css,53,css,33a14698,stephmuna,2025-10-10,01:16:26,-07:00,2025-10-10T01:16:26-07:00,1,11
style.css,54,css,33a14698,stephmuna,2025-10-10,01:16:26,-07:00,2025-10-10T01:16:26-07:00,2,45
style.css,55,css,33a14698,stephmuna,2025-10-10,01:16:26,-07:00,2025-10-10T01:16:26-07:00,2,20
style.css,56,css,3fbe2540,stephmuna,2025-10-17,02:10:04,-07:00,2025-10-17T02:10:04-07:00,2,69
style.css,57,css,3fbe2540,stephmuna,2025-10-17,02:10:04,-07:00,2025-10-17T02:10:04-07:00,2,39
style.css,58,css,3fbe2540,stephmuna,2025-10-17,02:10:04,-07:00,2025-10-17T02:10:04-07:00,0,0
style.css,59,css,33a14698,stephmuna,2025-10-10,01:16:26,-07:00,2025-10-10T01:16:26-07:00,1,0
style.css,60,css,33a14698,stephmuna,2025-10-10,01:16:26,-07:00,2025-10-10T01:16:26-07:00,0,0
style.css,61,css,33a14698,stephmuna,2025-10-10,01:16:26,-07:00,2025-10-10T01:16:26-07:00,1,4
style.css,62,css,33a14698,stephmuna,2025-10-10,01:16:26,-07:00,2025-10-10T01:16:26-07:00,1,7
style.css,63,css,33a14698,stephmuna,2025-10-10,01:16:26,-07:00,2025-10-10T01:16:26-07:00,1,7
style.css,64,css,33a14698,stephmuna,2025-10-10,01:16:26,-07:00,2025-10-10T01:16:26-07:00,2,11
style.css,65,css,33a14698,stephmuna,2025-10-10,01:16:26,-07:00,2025-10-10T01:16:26-07:00,2,0
style.css,66,css,33a14698,stephmuna,2025-10-10,01:16:26,-07:00,2025-10-10T01:16:26-07:00,1,0
style.css,67,css,33a14698,stephmuna,2025-10-10,01:16:26,-07:00,2025-10-10T01:16:26-07:00,0,0
style.css,68,css,33a14698,stephmuna,2025-10-10,01:16:26,-07:00,2025-10-10T01:16:26-07:00,1,4
style.css,69,css,33a14698,stephmuna,2025-10-10,01:16:26,-07:00,2025-10-10T01:16:26-07:00,2,12
style.css,70,css,33a14698,stephmuna,2025-10-10,01:16:26,-07:00,2025-10-10T01:16:26-07:00,2,30
style.css,71,css,33a14698,stephmuna,2025-10-10,01:16:26,-07:00,2025-10-10T01:16:26-07:00,2,7
style.css,72,css,33a14698,stephmuna,2025-10-10,01:16:26,-07:00,2025-10-10T01:16:26-07:00,1,0
style.css,73,css,33a14698,stephmuna,2025-10-10,01:16:26,-07:00,2025-10-10T01:16:26-07:00,0,0
style.css,74,css,33a14698,stephmuna,2025-10-10,01:16:26,-07:00,2025-10-10T01:16:26-07:00,1,5
style.css,75,css,33a14698,stephmuna,2025-10-10,01:16:26,-07:00,2025-10-10T01:16:26-07:00,2,12
style.css,76,css,33a14698,stephmuna,2025-10-10,01:16:26,-07:00,2025-10-10T01:16:26-07:00,2,29
style.css,77,css,33a14698,stephmuna,2025-10-10,01:16:26,-07:00,2025-10-10T01:16:26-07:00,2,18
style.css,78,css,33a14698,stephmuna,2025-10-10,01:16:26,-07:00,2025-10-10T01:16:26-07:00,1,0
style.css,79,css,33a14698,stephmuna,2025-10-10,01:16:26,-07:00,2025-10-10T01:16:26-07:00,1,0
style.css,80,css,33a14698,stephmuna,2025-10-10,01:16:26,-07:00,2025-10-10T01:16:26-07:00,1,6
style.css,81,css,33a14698,stephmuna,2025-10-10,01:16:26,-07:00,2025-10-10T01:16:26-07:00,2,18
style.css,82,css,33a14698,stephmuna,2025-10-10,01:16:26,-07:00,2025-10-10T01:16:26-07:00,1,0
style.css,83,css,33a14698,stephmuna,2025-10-10,01:16:26,-07:00,2025-10-10T01:16:26-07:00,0,0
style.css,84,css,33a14698,stephmuna,2025-10-10,01:16:26,-07:00,2025-10-10T01:16:26-07:00,1,9
style.css,85,css,33a14698,stephmuna,2025-10-10,01:16:26,-07:00,2025-10-10T01:16:26-07:00,2,12
style.css,86,css,33a14698,stephmuna,2025-10-10,01:16:26,-07:00,2025-10-10T01:16:26-07:00,2,58
style.css,87,css,33a14698,stephmuna,2025-10-10,01:16:26,-07:00,2025-10-10T01:16:26-07:00,2,0
style.css,88,css,33a14698,stephmuna,2025-10-10,01:16:26,-07:00,2025-10-10T01:16:26-07:00,2,7
style.css,89,css,33a14698,stephmuna,2025-10-10,01:16:26,-07:00,2025-10-10T01:16:26-07:00,1,0
style.css,90,css,33a14698,stephmuna,2025-10-10,01:16:26,-07:00,2025-10-10T01:16:26-07:00,0,0
style.css,91,css,33a14698,stephmuna,2025-10-10,01:16:26,-07:00,2025-10-10T01:16:26-07:00,1,7
style.css,92,css,33a14698,stephmuna,2025-10-10,01:16:26,-07:00,2025-10-10T01:16:26-07:00,2,12
style.css,93,css,33a14698,stephmuna,2025-10-10,01:16:26,-07:00,2025-10-10T01:16:26-07:00,2,26
style.css,94,css,33a14698,stephmuna,2025-10-10,01:16:26,-07:00,2025-10-10T01:16:26-07:00,2,15
style.css,95,css,33a14698,stephmuna,2025-10-10,01:16:26,-07:00,2025-10-10T01:16:26-07:00,2,0
style.css,96,css,33a14698,stephmuna,2025-10-10,01:16:26,-07:00,2025-10-10T01:16:26-07:00,1,0
style.css,97,css,33a14698,stephmuna,2025-10-10,01:16:26,-07:00,2025-10-10T01:16:26-07:00,1,0
style.css,98,css,33a14698,stephmuna,2025-10-10,01:16:26,-07:00,2025-10-10T01:16:26-07:00,1,2
style.css,99,css,33a14698,stephmuna,2025-10-10,01:16:26,-07:00,2025-10-10T01:16:26-07:00,2,8
style.css,100,css,33a14698,stephmuna,2025-10-10,01:16:26,-07:00,2025-10-10T01:16:26-07:00,1,0
style.css,101,css,33a14698,stephmuna,2025-10-10,01:16:26,-07:00,2025-10-10T01:16:26-07:00,0,0
style.css,102,css,33a14698,stephmuna,2025-10-10,01:16:26,-07:00,2025-10-10T01:16:26-07:00,1,56
style.css,103,css,33a14698,stephmuna,2025-10-10,01:16:26,-07:00,2025-10-10T01:16:26-07:00,0,0
style.css,104,css,33a14698,stephmuna,2025-10-10,01:16:26,-07:00,2025-10-10T01:16:26-07:00,1,22
style.css,105,css,33a14698,stephmuna,2025-10-10,01:16:26,-07:00,2025-10-10T01:16:26-07:00,2,15
style.css,106,css,33a14698,stephmuna,2025-10-10,01:16:26,-07:00,2025-10-10T01:16:26-07:00,2,17
style.css,107,css,33a14698,stephmuna,2025-10-10,01:16:26,-07:00,2025-10-10T01:16:26-07:00,1,0
style.css,108,css,33a14698,stephmuna,2025-10-10,01:16:26,-07:00,2025-10-10T01:16:26-07:00,1,2
style.css,109,css,33a14698,stephmuna,2025-10-10,01:16:26,-07:00,2025-10-10T01:16:26-07:00,2,14
style.css,110,css,33a14698,stephmuna,2025-10-10,01:16:26,-07:00,2025-10-10T01:16:26-07:00,1,0
style.css,111,css,33a14698,stephmuna,2025-10-10,01:16:26,-07:00,2025-10-10T01:16:26-07:00,0,0
style.css,112,css,33a14698,stephmuna,2025-10-10,01:16:26,-07:00,2025-10-10T01:16:26-07:00,1,5
style.css,113,css,33a14698,stephmuna,2025-10-10,01:16:26,-07:00,2025-10-10T01:16:26-07:00,2,14
style.css,114,css,33a14698,stephmuna,2025-10-10,01:16:26,-07:00,2025-10-10T01:16:26-07:00,2,18
style.css,115,css,33a14698,stephmuna,2025-10-10,01:16:26,-07:00,2025-10-10T01:16:26-07:00,2,12
style.css,116,css,3fbe2540,stephmuna,2025-10-17,02:10:04,-07:00,2025-10-17T02:10:04-07:00,2,58
style.css,117,css,3fbe2540,stephmuna,2025-10-17,02:10:04,-07:00,2025-10-17T02:10:04-07:00,2,57
style.css,118,css,33a14698,stephmuna,2025-10-10,01:16:26,-07:00,2025-10-10T01:16:26-07:00,2,18
style.css,119,css,33a14698,stephmuna,2025-10-10,01:16:26,-07:00,2025-10-10T01:16:26-07:00,2,38
style.css,120,css,33a14698,stephmuna,2025-10-10,01:16:26,-07:00,2025-10-10T01:16:26-07:00,1,0
style.css,121,css,33a14698,stephmuna,2025-10-10,01:16:26,-07:00,2025-10-10T01:16:26-07:00,1,0
style.css,122,css,33a14698,stephmuna,2025-10-10,01:16:26,-07:00,2025-10-10T01:16:26-07:00,1,33
style.css,123,css,33a14698,stephmuna,2025-10-10,01:16:26,-07:00,2025-10-10T01:16:26-07:00,2,15
style.css,124,css,33a14698,stephmuna,2025-10-10,01:16:26,-07:00,2025-10-10T01:16:26-07:00,2,17
style.css,125,css,cebde38f,stephmuna,2025-10-10,01:58:28,-07:00,2025-10-10T01:58:28-07:00,2,20
style.css,126,css,33a14698,stephmuna,2025-10-10,01:16:26,-07:00,2025-10-10T01:16:26-07:00,1,0
style.css,127,css,33a14698,stephmuna,2025-10-10,01:16:26,-07:00,2025-10-10T01:16:26-07:00,1,0
style.css,128,css,33a14698,stephmuna,2025-10-10,01:16:26,-07:00,2025-10-10T01:16:26-07:00,1,8
style.css,129,css,33a14698,stephmuna,2025-10-10,01:16:26,-07:00,2025-10-10T01:16:26-07:00,2,14
style.css,130,css,33a14698,stephmuna,2025-10-10,01:16:26,-07:00,2025-10-10T01:16:26-07:00,1,0
style.css,131,css,33a14698,stephmuna,2025-10-10,01:16:26,-07:00,2025-10-10T01:16:26-07:00,1,11
style.css,132,css,33a14698,stephmuna,2025-10-10,01:16:26,-07:00,2025-10-10T01:16:26-07:00,2,17
style.css,133,css,33a14698,stephmuna,2025-10-10,01:16:26,-07:00,2025-10-10T01:16:26-07:00,1,0
style.css,134,css,33a14698,stephmuna,2025-10-10,01:16:26,-07:00,2025-10-10T01:16:26-07:00,1,10
style.css,135,css,33a14698,stephmuna,2025-10-10,01:16:26,-07:00,2025-10-10T01:16:26-07:00,2,17
style.css,136,css,33a14698,stephmuna,2025-10-10,01:16:26,-07:00,2025-10-10T01:16:26-07:00,1,0
style.css,137,css,33a14698,stephmuna,2025-10-10,01:16:26,-07:00,2025-10-10T01:16:26-07:00,1,0
style.css,138,css,33a14698,stephmuna,2025-10-10,01:16:26,-07:00,2025-10-10T01:16:26-07:00,1,13
style.css,139,css,33a14698,stephmuna,2025-10-10,01:16:26,-07:00,2025-10-10T01:16:26-07:00,2,28
style.css,140,css,33a14698,stephmuna,2025-10-10,01:16:26,-07:00,2025-10-10T01:16:26-07:00,1,0
style.css,141,css,33a14698,stephmuna,2025-10-10,01:16:26,-07:00,2025-10-10T01:16:26-07:00,1,0
style.css,142,css,33a14698,stephmuna,2025-10-10,01:16:26,-07:00,2025-10-10T01:16:26-07:00,1,8
style.css,143,css,33a14698,stephmuna,2025-10-10,01:16:26,-07:00,2025-10-10T01:16:26-07:00,2,24
style.css,144,css,33a14698,stephmuna,2025-10-10,01:16:26,-07:00,2025-10-10T01:16:26-07:00,2,9
style.css,145,css,33a14698,stephmuna,2025-10-10,01:16:26,-07:00,2025-10-10T01:16:26-07:00,1,0
style.css,146,css,33a14698,stephmuna,2025-10-10,01:16:26,-07:00,2025-10-10T01:16:26-07:00,1,0
style.css,147,css,33a14698,stephmuna,2025-10-10,01:16:26,-07:00,2025-10-10T01:16:26-07:00,1,16
style.css,148,css,33a14698,stephmuna,2025-10-10,01:16:26,-07:00,2025-10-10T01:16:26-07:00,2,25
style.css,149,css,33a14698,stephmuna,2025-10-10,01:16:26,-07:00,2025-10-10T01:16:26-07:00,1,0
style.css,150,css,33a14698,stephmuna,2025-10-10,01:16:26,-07:00,2025-10-10T01:16:26-07:00,1,0
style.css,151,css,33a14698,stephmuna,2025-10-10,01:16:26,-07:00,2025-10-10T01:16:26-07:00,1,7
style.css,152,css,33a14698,stephmuna,2025-10-10,01:16:26,-07:00,2025-10-10T01:16:26-07:00,2,79
style.css,153,css,33a14698,stephmuna,2025-10-10,01:16:26,-07:00,2025-10-10T01:16:26-07:00,1,0
style.css,154,css,33a14698,stephmuna,2025-10-10,01:16:26,-07:00,2025-10-10T01:16:26-07:00,0,0
style.css,155,css,33a14698,stephmuna,2025-10-10,01:16:26,-07:00,2025-10-10T01:16:26-07:00,1,12
style.css,156,css,33a14698,stephmuna,2025-10-10,01:16:26,-07:00,2025-10-10T01:16:26-07:00,2,14
style.css,157,css,33a14698,stephmuna,2025-10-10,01:16:26,-07:00,2025-10-10T01:16:26-07:00,2,18
style.css,158,css,33a14698,stephmuna,2025-10-10,01:16:26,-07:00,2025-10-10T01:16:26-07:00,2,30
style.css,159,css,33a14698,stephmuna,2025-10-10,01:16:26,-07:00,2025-10-10T01:16:26-07:00,1,0
style.css,160,css,cebde38f,stephmuna,2025-10-10,01:58:28,-07:00,2025-10-10T01:58:28-07:00,1,13
style.css,161,css,cebde38f,stephmuna,2025-10-10,01:58:28,-07:00,2025-10-10T01:58:28-07:00,2,12
style.css,162,css,cebde38f,stephmuna,2025-10-10,01:58:28,-07:00,2025-10-10T01:58:28-07:00,2,29
style.css,163,css,cebde38f,stephmuna,2025-10-10,01:58:28,-07:00,2025-10-10T01:58:28-07:00,2,20
style.css,164,css,cebde38f,stephmuna,2025-10-10,01:58:28,-07:00,2025-10-10T01:58:28-07:00,2,21
style.css,165,css,cebde38f,stephmuna,2025-10-10,01:58:28,-07:00,2025-10-10T01:58:28-07:00,1,0
style.css,166,css,cebde38f,stephmuna,2025-10-10,01:58:28,-07:00,2025-10-10T01:58:28-07:00,1,0
style.css,167,css,cebde38f,stephmuna,2025-10-10,01:58:28,-07:00,2025-10-10T01:58:28-07:00,1,16
style.css,168,css,cebde38f,stephmuna,2025-10-10,01:58:28,-07:00,2025-10-10T01:58:28-07:00,2,8
style.css,169,css,cebde38f,stephmuna,2025-10-10,01:58:28,-07:00,2025-10-10T01:58:28-07:00,1,0
style.css,170,css,cebde38f,stephmuna,2025-10-10,01:58:28,-07:00,2025-10-10T01:58:28-07:00,1,0
style.css,171,css,cebde38f,stephmuna,2025-10-10,01:58:28,-07:00,2025-10-10T01:58:28-07:00,1,20
style.css,172,css,cebde38f,stephmuna,2025-10-10,01:58:28,-07:00,2025-10-10T01:58:28-07:00,2,18
style.css,173,css,cebde38f,stephmuna,2025-10-10,01:58:28,-07:00,2025-10-10T01:58:28-07:00,2,15
style.css,174,css,cebde38f,stephmuna,2025-10-10,01:58:28,-07:00,2025-10-10T01:58:28-07:00,1,0
style.css,175,css,cebde38f,stephmuna,2025-10-10,01:58:28,-07:00,2025-10-10T01:58:28-07:00,0,0
style.css,176,css,cebde38f,stephmuna,2025-10-10,01:58:28,-07:00,2025-10-10T01:58:28-07:00,1,13
style.css,177,css,cebde38f,stephmuna,2025-10-10,01:58:28,-07:00,2025-10-10T01:58:28-07:00,2,20
style.css,178,css,cebde38f,stephmuna,2025-10-10,01:58:28,-07:00,2025-10-10T01:58:28-07:00,1,0
style.css,179,css,cebde38f,stephmuna,2025-10-10,01:58:28,-07:00,2025-10-10T01:58:28-07:00,0,0
style.css,180,css,cebde38f,stephmuna,2025-10-10,01:58:28,-07:00,2025-10-10T01:58:28-07:00,1,10
style.css,181,css,cebde38f,stephmuna,2025-10-10,01:58:28,-07:00,2025-10-10T01:58:28-07:00,2,20
style.css,182,css,cebde38f,stephmuna,2025-10-10,01:58:28,-07:00,2025-10-10T01:58:28-07:00,2,15
style.css,183,css,cebde38f,stephmuna,2025-10-10,01:58:28,-07:00,2025-10-10T01:58:28-07:00,2,45
style.css,184,css,cebde38f,stephmuna,2025-10-10,01:58:28,-07:00,2025-10-10T01:58:28-07:00,2,34
style.css,185,css,cebde38f,stephmuna,2025-10-10,01:58:28,-07:00,2025-10-10T01:58:28-07:00,2,17
style.css,186,css,cebde38f,stephmuna,2025-10-10,01:58:28,-07:00,2025-10-10T01:58:28-07:00,2,19
style.css,187,css,cebde38f,stephmuna,2025-10-10,01:58:28,-07:00,2025-10-10T01:58:28-07:00,2,0
style.css,188,css,cebde38f,stephmuna,2025-10-10,01:58:28,-07:00,2025-10-10T01:58:28-07:00,1,0
style.css,189,css,cebde38f,stephmuna,2025-10-10,01:58:28,-07:00,2025-10-10T01:58:28-07:00,1,0
style.css,190,css,cebde38f,stephmuna,2025-10-10,01:58:28,-07:00,2025-10-10T01:58:28-07:00,1,16
style.css,191,css,cebde38f,stephmuna,2025-10-10,01:58:28,-07:00,2025-10-10T01:58:28-07:00,2,45
style.css,192,css,cebde38f,stephmuna,2025-10-10,01:58:28,-07:00,2025-10-10T01:58:28-07:00,2,11
style.css,193,css,cebde38f,stephmuna,2025-10-10,01:58:28,-07:00,2025-10-10T01:58:28-07:00,1,0
style.css,194,css,3fbe2540,stephmuna,2025-10-17,02:10:04,-07:00,2025-10-17T02:10:04-07:00,0,0
style.css,195,css,3fbe2540,stephmuna,2025-10-17,02:10:04,-07:00,2025-10-17T02:10:04-07:00,1,2
style.css,196,css,3fbe2540,stephmuna,2025-10-17,02:10:04,-07:00,2025-10-17T02:10:04-07:00,2,39
style.css,197,css,3fbe2540,stephmuna,2025-10-17,02:10:04,-07:00,2025-10-17T02:10:04-07:00,2,39
style.css,198,css,3fbe2540,stephmuna,2025-10-17,02:10:04,-07:00,2025-10-17T02:10:04-07:00,2,0
style.css,199,css,3fbe2540,stephmuna,2025-10-17,02:10:04,-07:00,2025-10-17T02:10:04-07:00,1,0
style.css,200,css,3fbe2540,stephmuna,2025-10-17,02:10:04,-07:00,2025-10-17T02:10:04-07:00,0,0
style.css,201,css,3fbe2540,stephmuna,2025-10-17,02:10:04,-07:00,2025-10-17T02:10:04-07:00,1,13
style.css,202,css,3fbe2540,stephmuna,2025-10-17,02:10:04,-07:00,2025-10-17T02:10:04-07:00,2,17
style.css,203,css,3fbe2540,stephmuna,2025-10-17,02:10:04,-07:00,2025-10-17T02:10:04-07:00,2,8
style.css,204,css,3fbe2540,stephmuna,2025-10-17,02:10:04,-07:00,2025-10-17T02:10:04-07:00,2,10
style.css,205,css,3fbe2540,stephmuna,2025-10-17,02:10:04,-07:00,2025-10-17T02:10:04-07:00,2,13
style.css,206,css,3fbe2540,stephmuna,2025-10-17,02:10:04,-07:00,2025-10-17T02:10:04-07:00,2,19
style.css,207,css,3fbe2540,stephmuna,2025-10-17,02:10:04,-07:00,2025-10-17T02:10:04-07:00,1,0
style.css,208,css,3fbe2540,stephmuna,2025-10-17,02:10:04,-07:00,2025-10-17T02:10:04-07:00,0,0
style.css,209,css,e875902b,stephmuna,2025-10-25,20:44:02,-07:00,2025-10-25T20:44:02-07:00,1,17
style.css,210,css,e875902b,stephmuna,2025-10-25,20:44:02,-07:00,2025-10-25T20:44:02-07:00,2,12
style.css,211,css,e875902b,stephmuna,2025-10-25,20:44:02,-07:00,2025-10-25T20:44:02-07:00,2,36
style.css,212,css,e875902b,stephmuna,2025-10-25,20:44:02,-07:00,2025-10-25T20:44:02-07:00,2,8
style.css,213,css,e875902b,stephmuna,2025-10-25,20:44:02,-07:00,2025-10-25T20:44:02-07:00,2,17
style.css,214,css,e875902b,stephmuna,2025-10-25,20:44:02,-07:00,2025-10-25T20:44:02-07:00,1,0
style.css,215,css,e875902b,stephmuna,2025-10-25,20:44:02,-07:00,2025-10-25T20:44:02-07:00,0,0
style.css,216,css,e875902b,stephmuna,2025-10-25,20:44:02,-07:00,2025-10-25T20:44:02-07:00,1,17
style.css,217,css,e875902b,stephmuna,2025-10-25,20:44:02,-07:00,2025-10-25T20:44:02-07:00,2,16
style.css,218,css,e875902b,stephmuna,2025-10-25,20:44:02,-07:00,2025-10-25T20:44:02-07:00,2,24
style.css,219,css,e875902b,stephmuna,2025-10-25,20:44:02,-07:00,2025-10-25T20:44:02-07:00,2,18
style.css,220,css,e875902b,stephmuna,2025-10-25,20:44:02,-07:00,2025-10-25T20:44:02-07:00,2,10
style.css,221,css,e875902b,stephmuna,2025-10-25,20:44:02,-07:00,2025-10-25T20:44:02-07:00,2,10
style.css,222,css,e875902b,stephmuna,2025-10-25,20:44:02,-07:00,2025-10-25T20:44:02-07:00,1,0
style.css,223,css,e875902b,stephmuna,2025-10-25,20:44:02,-07:00,2025-10-25T20:44:02-07:00,1,0
style.css,224,css,e875902b,stephmuna,2025-10-25,20:44:02,-07:00,2025-10-25T20:44:02-07:00,1,17
style.css,225,css,e875902b,stephmuna,2025-10-25,20:44:02,-07:00,2025-10-25T20:44:02-07:00,2,14
style.css,226,css,e875902b,stephmuna,2025-10-25,20:44:02,-07:00,2025-10-25T20:44:02-07:00,2,15
style.css,227,css,e875902b,stephmuna,2025-10-25,20:44:02,-07:00,2025-10-25T20:44:02-07:00,2,8
style.css,228,css,e875902b,stephmuna,2025-10-25,20:44:02,-07:00,2025-10-25T20:44:02-07:00,2,10
style.css,229,css,e875902b,stephmuna,2025-10-25,20:44:02,-07:00,2025-10-25T20:44:02-07:00,1,0
style.css,230,css,e875902b,stephmuna,2025-10-25,20:44:02,-07:00,2025-10-25T20:44:02-07:00,0,0
style.css,231,css,e875902b,stephmuna,2025-10-25,20:44:02,-07:00,2025-10-25T20:44:02-07:00,1,14
style.css,232,css,e875902b,stephmuna,2025-10-25,20:44:02,-07:00,2025-10-25T20:44:02-07:00,2,15
style.css,233,css,e875902b,stephmuna,2025-10-25,20:44:02,-07:00,2025-10-25T20:44:02-07:00,2,18
style.css,234,css,e875902b,stephmuna,2025-10-25,20:44:02,-07:00,2025-10-25T20:44:02-07:00,1,0
style.css,235,css,e875902b,stephmuna,2025-10-25,20:44:02,-07:00,2025-10-25T20:44:02-07:00,0,0
style.css,236,css,90129f48,stephmuna,2025-10-31,15:23:56,-07:00,2025-10-31T15:23:56-07:00,1,18
style.css,237,css,90129f48,stephmuna,2025-10-31,15:23:56,-07:00,2025-10-31T15:23:56-07:00,2,14
style.css,238,css,90129f48,stephmuna,2025-10-31,15:23:56,-07:00,2025-10-31T15:23:56-07:00,2,16
style.css,239,css,3fbe2540,stephmuna,2025-10-17,02:10:04,-07:00,2025-10-17T02:10:04-07:00,1,0
style.css,240,css,90129f48,stephmuna,2025-10-31,15:23:56,-07:00,2025-10-31T15:23:56-07:00,2,16
style.css,241,css,90129f48,stephmuna,2025-10-31,15:23:56,-07:00,2025-10-31T15:23:56-07:00,1,0
style.css,242,css,90129f48,stephmuna,2025-10-31,15:23:56,-07:00,2025-10-31T15:23:56-07:00,0,0
style.css,243,css,90129f48,stephmuna,2025-10-31,15:23:56,-07:00,2025-10-31T15:23:56-07:00,0,7
style.css,244,css,90129f48,stephmuna,2025-10-31,15:23:56,-07:00,2025-10-31T15:23:56-07:00,1,15
style.css,245,css,90129f48,stephmuna,2025-10-31,15:23:56,-07:00,2025-10-31T15:23:56-07:00,1,15
style.css,246,css,90129f48,stephmuna,2025-10-31,15:23:56,-07:00,2025-10-31T15:23:56-07:00,1,13
style.css,247,css,90129f48,stephmuna,2025-10-31,15:23:56,-07:00,2025-10-31T15:23:56-07:00,1,21
style.css,248,css,90129f48,stephmuna,2025-10-31,15:23:56,-07:00,2025-10-31T15:23:56-07:00,1,20
style.css,249,css,90129f48,stephmuna,2025-10-31,15:23:56,-07:00,2025-10-31T15:23:56-07:00,1,12
style.css,250,css,90129f48,stephmuna,2025-10-31,15:23:56,-07:00,2025-10-31T15:23:56-07:00,1,57
style.css,251,css,90129f48,stephmuna,2025-10-31,15:23:56,-07:00,2025-10-31T15:23:56-07:00,1,11
style.css,252,css,90129f48,stephmuna,2025-10-31,15:23:56,-07:00,2025-10-31T15:23:56-07:00,1,15
style.css,253,css,90129f48,stephmuna,2025-10-31,15:23:56,-07:00,2025-10-31T15:23:56-07:00,1,21
style.css,254,css,90129f48,stephmuna,2025-10-31,15:23:56,-07:00,2025-10-31T15:23:56-07:00,0,0
style.css,255,css,90129f48,stephmuna,2025-10-31,15:23:56,-07:00,2025-10-31T15:23:56-07:00,0,0
style.css,256,css,90129f48,stephmuna,2025-10-31,15:23:56,-07:00,2025-10-31T15:23:56-07:00,0,0
style.css,257,css,90129f48,stephmuna,2025-10-31,15:23:56,-07:00,2025-10-31T15:23:56-07:00,0,12
style.css,258,css,90129f48,stephmuna,2025-10-31,15:23:56,-07:00,2025-10-31T15:23:56-07:00,1,12
style.css,259,css,90129f48,stephmuna,2025-10-31,15:23:56,-07:00,2025-10-31T15:23:56-07:00,1,18
style.css,260,css,90129f48,stephmuna,2025-10-31,15:23:56,-07:00,2025-10-31T15:23:56-07:00,1,10
style.css,261,css,90129f48,stephmuna,2025-10-31,15:23:56,-07:00,2025-10-31T15:23:56-07:00,0,0
style.css,262,css,90129f48,stephmuna,2025-10-31,15:23:56,-07:00,2025-10-31T15:23:56-07:00,0,0
style.css,263,css,90129f48,stephmuna,2025-10-31,15:23:56,-07:00,2025-10-31T15:23:56-07:00,0,0
style.css,264,css,90129f48,stephmuna,2025-10-31,15:23:56,-07:00,2025-10-31T15:23:56-07:00,0,15
style.css,265,css,90129f48,stephmuna,2025-10-31,15:23:56,-07:00,2025-10-31T15:23:56-07:00,1,20
style.css,266,css,90129f48,stephmuna,2025-10-31,15:23:56,-07:00,2025-10-31T15:23:56-07:00,1,11
style.css,267,css,90129f48,stephmuna,2025-10-31,15:23:56,-07:00,2025-10-31T15:23:56-07:00,1,18
style.css,268,css,90129f48,stephmuna,2025-10-31,15:23:56,-07:00,2025-10-31T15:23:56-07:00,1,23
style.css,269,css,90129f48,stephmuna,2025-10-31,15:23:56,-07:00,2025-10-31T15:23:56-07:00,1,17
style.css,270,css,90129f48,stephmuna,2025-10-31,15:23:56,-07:00,2025-10-31T15:23:56-07:00,0,0
style.css,271,css,90129f48,stephmuna,2025-10-31,15:23:56,-07:00,2025-10-31T15:23:56-07:00,0,0
style.css,272,css,90129f48,stephmuna,2025-10-31,15:23:56,-07:00,2025-10-31T15:23:56-07:00,1,0
style.css,273,css,90129f48,stephmuna,2025-10-31,15:23:56,-07:00,2025-10-31T15:23:56-07:00,0,2
style.css,274,css,90129f48,stephmuna,2025-10-31,15:23:56,-07:00,2025-10-31T15:23:56-07:00,1,8
style.css,275,css,90129f48,stephmuna,2025-10-31,15:23:56,-07:00,2025-10-31T15:23:56-07:00,1,9
style.css,276,css,90129f48,stephmuna,2025-10-31,15:23:56,-07:00,2025-10-31T15:23:56-07:00,0,0
style.css,277,css,90129f48,stephmuna,2025-10-31,15:23:56,-07:00,2025-10-31T15:23:56-07:00,0,0
style.css,278,css,90129f48,stephmuna,2025-10-31,15:23:56,-07:00,2025-10-31T15:23:56-07:00,0,10
style.css,279,css,90129f48,stephmuna,2025-10-31,15:23:56,-07:00,2025-10-31T15:23:56-07:00,1,12
style.css,280,css,90129f48,stephmuna,2025-10-31,15:23:56,-07:00,2025-10-31T15:23:56-07:00,1,52
style.css,281,css,90129f48,stephmuna,2025-10-31,15:23:56,-07:00,2025-10-31T15:23:56-07:00,1,55
style.css,282,css,90129f48,stephmuna,2025-10-31,15:23:56,-07:00,2025-10-31T15:23:56-07:00,0,0
style.css,283,css,90129f48,stephmuna,2025-10-31,15:23:56,-07:00,2025-10-31T15:23:56-07:00,0,0
style.css,284,css,90129f48,stephmuna,2025-10-31,15:23:56,-07:00,2025-10-31T15:23:56-07:00,0,7
style.css,285,css,90129f48,stephmuna,2025-10-31,15:23:56,-07:00,2025-10-31T15:23:56-07:00,1,62
style.css,286,css,90129f48,stephmuna,2025-10-31,15:23:56,-07:00,2025-10-31T15:23:56-07:00,0,0
style.css,287,css,90129f48,stephmuna,2025-10-31,15:23:56,-07:00,2025-10-31T15:23:56-07:00,0,0
style.css,288,css,90129f48,stephmuna,2025-10-31,15:23:56,-07:00,2025-10-31T15:23:56-07:00,0,10
style.css,289,css,90129f48,stephmuna,2025-10-31,15:23:56,-07:00,2025-10-31T15:23:56-07:00,1,13
style.css,290,css,90129f48,stephmuna,2025-10-31,15:23:56,-07:00,2025-10-31T15:23:56-07:00,1,53
style.css,291,css,90129f48,stephmuna,2025-10-31,15:23:56,-07:00,2025-10-31T15:23:56-07:00,1,21
style.css,292,css,90129f48,stephmuna,2025-10-31,15:23:56,-07:00,2025-10-31T15:23:56-07:00,1,14
style.css,293,css,90129f48,stephmuna,2025-10-31,15:23:56,-07:00,2025-10-31T15:23:56-07:00,1,17
style.css,294,css,90129f48,stephmuna,2025-10-31,15:23:56,-07:00,2025-10-31T15:23:56-07:00,1,21
style.css,295,css,90129f48,stephmuna,2025-10-31,15:23:56,-07:00,2025-10-31T15:23:56-07:00,0,0
style.css,296,css,90129f48,stephmuna,2025-10-31,15:23:56,-07:00,2025-10-31T15:23:56-07:00,0,0
style.css,297,css,90129f48,stephmuna,2025-10-31,15:23:56,-07:00,2025-10-31T15:23:56-07:00,0,17
style.css,298,css,90129f48,stephmuna,2025-10-31,15:23:56,-07:00,2025-10-31T15:23:56-07:00,1,16
style.css,299,css,90129f48,stephmuna,2025-10-31,15:23:56,-07:00,2025-10-31T15:23:56-07:00,2,11
style.css,300,css,90129f48,stephmuna,2025-10-31,15:23:56,-07:00,2025-10-31T15:23:56-07:00,1,0
style.css,301,css,90129f48,stephmuna,2025-10-31,15:23:56,-07:00,2025-10-31T15:23:56-07:00,0,0
style.css,302,css,90129f48,stephmuna,2025-10-31,15:23:56,-07:00,2025-10-31T15:23:56-07:00,0,0
style.css,303,css,90129f48,stephmuna,2025-10-31,15:23:56,-07:00,2025-10-31T15:23:56-07:00,0,4
style.css,304,css,90129f48,stephmuna,2025-10-31,15:23:56,-07:00,2025-10-31T15:23:56-07:00,1,16
style.css,305,css,90129f48,stephmuna,2025-10-31,15:23:56,-07:00,2025-10-31T15:23:56-07:00,0,0
style.css,306,css,90129f48,stephmuna,2025-10-31,15:23:56,-07:00,2025-10-31T15:23:56-07:00,0,0
style.css,307,css,90129f48,stephmuna,2025-10-31,15:23:56,-07:00,2025-10-31T15:23:56-07:00,0,9
style.css,308,css,90129f48,stephmuna,2025-10-31,15:23:56,-07:00,2025-10-31T15:23:56-07:00,1,35
style.css,309,css,90129f48,stephmuna,2025-10-31,15:23:56,-07:00,2025-10-31T15:23:56-07:00,0,0
style.css,310,css,90129f48,stephmuna,2025-10-31,15:23:56,-07:00,2025-10-31T15:23:56-07:00,1,10
style.css,311,css,90129f48,stephmuna,2025-10-31,15:23:56,-07:00,2025-10-31T15:23:56-07:00,2,17
style.css,312,css,90129f48,stephmuna,2025-10-31,15:23:56,-07:00,2025-10-31T15:23:56-07:00,1,0
style.css,313,css,90129f48,stephmuna,2025-10-31,15:23:56,-07:00,2025-10-31T15:23:56-07:00,0,0
style.css,314,css,3fbe2540,stephmuna,2025-10-17,02:10:04,-07:00,2025-10-17T02:10:04-07:00,0,0
style.css,315,css,90129f48,stephmuna,2025-10-31,15:23:56,-07:00,2025-10-31T15:23:56-07:00,0,23
style.css,316,css,3fbe2540,stephmuna,2025-10-17,02:10:04,-07:00,2025-10-17T02:10:04-07:00,0,0
style.css,317,css,3fbe2540,stephmuna,2025-10-17,02:10:04,-07:00,2025-10-17T02:10:04-07:00,0,0
style.css,318,css,3fbe2540,stephmuna,2025-10-17,02:10:04,-07:00,2025-10-17T02:10:04-07:00,0,0
style.css,319,css,cebde38f,stephmuna,2025-10-10,01:58:28,-07:00,2025-10-10T01:58:28-07:00,1,0
style.css,320,css,cebde38f,stephmuna,2025-10-10,01:58:28,-07:00,2025-10-10T01:58:28-07:00,1,0
style.css,321,css,33a14698,stephmuna,2025-10-10,01:16:26,-07:00,2025-10-10T01:16:26-07:00,0,0
style.css,322,css,33a14698,stephmuna,2025-10-10,01:16:26,-07:00,2025-10-10T01:16:26-07:00,1,0
style.css,323,css,33a14698,stephmuna,2025-10-10,01:16:26,-07:00,2025-10-10T01:16:26-07:00,1,0
style.css,324,css,33a14698,stephmuna,2025-10-10,01:16:26,-07:00,2025-10-10T01:16:26-07:00,0,0
style.css,325,css,33a14698,stephmuna,2025-10-10,01:16:26,-07:00,2025-10-10T01:16:26-07:00,1,0
style.css,326,css,33a14698,stephmuna,2025-10-10,01:16:26,-07:00,2025-10-10T01:16:26-07:00,1,0
style.css,327,css,33a14698,stephmuna,2025-10-10,01:16:26,-07:00,2025-10-10T01:16:26-07:00,0,0
style.css,328,css,33a14698,stephmuna,2025-10-10,01:16:26,-07:00,2025-10-10T01:16:26-07:00,1,0
style.css,329,css,33a14698,stephmuna,2025-10-10,01:16:26,-07:00,2025-10-10T01:16:26-07:00,0,0
style.css,330,css,33a14698,stephmuna,2025-10-10,01:16:26,-07:00,2025-10-10T01:16:26-07:00,0,0
index.js,1,js,e875902b,stephmuna,2025-10-25,20:44:02,-07:00,2025-10-25T20:44:02-07:00,0,71
index.js,2,js,e875902b,stephmuna,2025-10-25,20:44:02,-07:00,2025-10-25T20:44:02-07:00,0,0
index.js,3,js,e875902b,stephmuna,2025-10-25,20:44:02,-07:00,2025-10-25T20:44:02-07:00,0,54
index.js,4,js,e875902b,stephmuna,2025-10-25,20:44:02,-07:00,2025-10-25T20:44:02-07:00,0,0
index.js,5,js,e875902b,stephmuna,2025-10-25,20:44:02,-07:00,2025-10-25T20:44:02-07:00,0,0
index.js,6,js,e875902b,stephmuna,2025-10-25,20:44:02,-07:00,2025-10-25T20:44:02-07:00,0,42
index.js,7,js,e875902b,stephmuna,2025-10-25,20:44:02,-07:00,2025-10-25T20:44:02-07:00,0,0
index.js,8,js,e875902b,stephmuna,2025-10-25,20:44:02,-07:00,2025-10-25T20:44:02-07:00,0,60
index.js,9,js,e875902b,stephmuna,2025-10-25,20:44:02,-07:00,2025-10-25T20:44:02-07:00,0,0
index.js,10,js,e875902b,stephmuna,2025-10-25,20:44:02,-07:00,2025-10-25T20:44:02-07:00,0,54
index.js,11,js,e875902b,stephmuna,2025-10-25,20:44:02,-07:00,2025-10-25T20:44:02-07:00,0,0
index.js,12,js,e875902b,stephmuna,2025-10-25,20:44:02,-07:00,2025-10-25T20:44:02-07:00,0,52
index.js,13,js,e875902b,stephmuna,2025-10-25,20:44:02,-07:00,2025-10-25T20:44:02-07:00,0,0
index.js,14,js,e875902b,stephmuna,2025-10-25,20:44:02,-07:00,2025-10-25T20:44:02-07:00,0,60
index.js,15,js,e875902b,stephmuna,2025-10-25,20:44:02,-07:00,2025-10-25T20:44:02-07:00,0,0
index.js,16,js,e875902b,stephmuna,2025-10-25,20:44:02,-07:00,2025-10-25T20:44:02-07:00,0,17
index.js,17,js,e875902b,stephmuna,2025-10-25,20:44:02,-07:00,2025-10-25T20:44:02-07:00,2,24
index.js,18,js,e875902b,stephmuna,2025-10-25,20:44:02,-07:00,2025-10-25T20:44:02-07:00,5,2
index.js,19,js,e875902b,stephmuna,2025-10-25,20:44:02,-07:00,2025-10-25T20:44:02-07:00,6,55
index.js,20,js,e875902b,stephmuna,2025-10-25,20:44:02,-07:00,2025-10-25T20:44:02-07:00,6,55
index.js,21,js,e875902b,stephmuna,2025-10-25,20:44:02,-07:00,2025-10-25T20:44:02-07:00,6,49
index.js,22,js,e875902b,stephmuna,2025-10-25,20:44:02,-07:00,2025-10-25T20:44:02-07:00,6,49
index.js,23,js,e875902b,stephmuna,2025-10-25,20:44:02,-07:00,2025-10-25T20:44:02-07:00,5,3
index.js,24,js,e875902b,stephmuna,2025-10-25,20:44:02,-07:00,2025-10-25T20:44:02-07:00,3,0
index.js,25,js,e875902b,stephmuna,2025-10-25,20:44:02,-07:00,2025-10-25T20:44:02-07:00,1,0
index.html,1,html,54475904,stephmuna,2025-10-03,20:49:42,-07:00,2025-10-03T20:49:42-07:00,0,13
index.html,2,html,54475904,stephmuna,2025-10-03,20:49:42,-07:00,2025-10-03T20:49:42-07:00,0,14
index.html,3,html,54475904,stephmuna,2025-10-03,20:49:42,-07:00,2025-10-03T20:49:42-07:00,0,4
index.html,4,html,54475904,stephmuna,2025-10-03,20:49:42,-07:00,2025-10-03T20:49:42-07:00,2,20
index.html,5,html,54475904,stephmuna,2025-10-03,20:49:42,-07:00,2025-10-03T20:49:42-07:00,2,68
index.html,6,html,54475904,stephmuna,2025-10-03,20:49:42,-07:00,2025-10-03T20:49:42-07:00,2,60
index.html,7,html,54475904,stephmuna,2025-10-03,20:49:42,-07:00,2025-10-03T20:49:42-07:00,2,38
index.html,8,html,54475904,stephmuna,2025-10-03,20:49:42,-07:00,2025-10-03T20:49:42-07:00,0,5
index.html,9,html,54475904,stephmuna,2025-10-03,20:49:42,-07:00,2025-10-03T20:49:42-07:00,0,4
index.html,10,html,3fbe2540,stephmuna,2025-10-17,02:10:04,-07:00,2025-10-17T02:10:04-07:00,2,0
index.html,11,html,54475904,stephmuna,2025-10-03,20:49:42,-07:00,2025-10-03T20:49:42-07:00,2,0
index.html,12,html,54475904,stephmuna,2025-10-03,20:49:42,-07:00,2025-10-03T20:49:42-07:00,0,0
index.html,13,html,54475904,stephmuna,2025-10-03,20:49:42,-07:00,2025-10-03T20:49:42-07:00,2,25
index.html,14,html,e875902b,stephmuna,2025-10-25,20:44:02,-07:00,2025-10-25T20:44:02-07:00,2,19
index.html,15,html,e875902b,stephmuna,2025-10-25,20:44:02,-07:00,2025-10-25T20:44:02-07:00,2,28
index.html,16,html,54475904,stephmuna,2025-10-03,20:49:42,-07:00,2025-10-03T20:49:42-07:00,0,0
index.html,17,html,33a14698,stephmuna,2025-10-10,01:16:26,-07:00,2025-10-10T01:16:26-07:00,2,50
index.html,18,html,33a14698,stephmuna,2025-10-10,01:16:26,-07:00,2025-10-10T01:16:26-07:00,0,0
index.html,19,html,54475904,stephmuna,2025-10-03,20:49:42,-07:00,2025-10-03T20:49:42-07:00,2,1
index.html,20,html,54475904,stephmuna,2025-10-03,20:49:42,-07:00,2025-10-03T20:49:42-07:00,4,73
index.html,21,html,54475904,stephmuna,2025-10-03,20:49:42,-07:00,2025-10-03T20:49:42-07:00,4,39
index.html,22,html,54475904,stephmuna,2025-10-03,20:49:42,-07:00,2025-10-03T20:49:42-07:00,4,70
index.html,23,html,54475904,stephmuna,2025-10-03,20:49:42,-07:00,2025-10-03T20:49:42-07:00,5,51
index.html,24,html,54475904,stephmuna,2025-10-03,20:49:42,-07:00,2025-10-03T20:49:42-07:00,5,27
index.html,25,html,54475904,stephmuna,2025-10-03,20:49:42,-07:00,2025-10-03T20:49:42-07:00,2,2
index.html,26,html,54475904,stephmuna,2025-10-03,20:49:42,-07:00,2025-10-03T20:49:42-07:00,0,0
index.html,27,html,33a14698,stephmuna,2025-10-10,01:16:26,-07:00,2025-10-10T01:16:26-07:00,2,0
index.html,28,html,54475904,stephmuna,2025-10-03,20:49:42,-07:00,2025-10-03T20:49:42-07:00,0,0
index.html,29,html,e875902b,stephmuna,2025-10-25,20:44:02,-07:00,2025-10-25T20:44:02-07:00,2,24
index.html,30,html,e875902b,stephmuna,2025-10-25,20:44:02,-07:00,2025-10-25T20:44:02-07:00,2,2
index.html,31,html,e875902b,stephmuna,2025-10-25,20:44:02,-07:00,2025-10-25T20:44:02-07:00,2,20
index.html,32,html,e875902b,stephmuna,2025-10-25,20:44:02,-07:00,2025-10-25T20:44:02-07:00,1,0
index.html,33,html,e875902b,stephmuna,2025-10-25,20:44:02,-07:00,2025-10-25T20:44:02-07:00,2,4
index.html,34,html,e875902b,stephmuna,2025-10-25,20:44:02,-07:00,2025-10-25T20:44:02-07:00,0,0
index.html,35,html,e875902b,stephmuna,2025-10-25,20:44:02,-07:00,2025-10-25T20:44:02-07:00,2,0
index.html,36,html,e875902b,stephmuna,2025-10-25,20:44:02,-07:00,2025-10-25T20:44:02-07:00,0,0
index.html,37,html,54475904,stephmuna,2025-10-03,20:49:42,-07:00,2025-10-03T20:49:42-07:00,2,0
index.html,38,html,3fbe2540,stephmuna,2025-10-17,02:10:04,-07:00,2025-10-17T02:10:04-07:00,0,0
index.html,39,html,3fbe2540,stephmuna,2025-10-17,02:10:04,-07:00,2025-10-17T02:10:04-07:00,0,0
index.html,40,html,3fbe2540,stephmuna,2025-10-17,02:10:04,-07:00,2025-10-17T02:10:04-07:00,0,45
index.html,41,html,e875902b,stephmuna,2025-10-25,20:44:02,-07:00,2025-10-25T20:44:02-07:00,0,50
index.html,42,html,54475904,stephmuna,2025-10-03,20:49:42,-07:00,2025-10-03T20:49:42-07:00,0,5
index.html,43,html,54475904,stephmuna,2025-10-03,20:49:42,-07:00,2025-10-03T20:49:42-07:00,0,5
global.js,1,js,3fbe2540,stephmuna,2025-10-17,02:10:04,-07:00,2025-10-17T02:10:04-07:00,0,25
global.js,2,js,3fbe2540,stephmuna,2025-10-17,02:10:04,-07:00,2025-10-17T02:10:04-07:00,0,0
global.js,3,js,3fbe2540,stephmuna,2025-10-17,02:10:04,-07:00,2025-10-17T02:10:04-07:00,0,41
global.js,4,js,3fbe2540,stephmuna,2025-10-17,02:10:04,-07:00,2025-10-17T02:10:04-07:00,1,52
global.js,5,js,3fbe2540,stephmuna,2025-10-17,02:10:04,-07:00,2025-10-17T02:10:04-07:00,0,0
global.js,6,js,3fbe2540,stephmuna,2025-10-17,02:10:04,-07:00,2025-10-17T02:10:04-07:00,0,0
global.js,7,js,3fbe2540,stephmuna,2025-10-17,02:10:04,-07:00,2025-10-17T02:10:04-07:00,0,0
global.js,8,js,3fbe2540,stephmuna,2025-10-17,02:10:04,-07:00,2025-10-17T02:10:04-07:00,0,0
global.js,9,js,3fbe2540,stephmuna,2025-10-17,02:10:04,-07:00,2025-10-17T02:10:04-07:00,0,11
global.js,10,js,3fbe2540,stephmuna,2025-10-17,02:10:04,-07:00,2025-10-17T02:10:04-07:00,2,25
global.js,11,js,3fbe2540,stephmuna,2025-10-17,02:10:04,-07:00,2025-10-17T02:10:04-07:00,2,38
global.js,12,js,3fbe2540,stephmuna,2025-10-17,02:10:04,-07:00,2025-10-17T02:10:04-07:00,2,34
global.js,13,js,3fbe2540,stephmuna,2025-10-17,02:10:04,-07:00,2025-10-17T02:10:04-07:00,2,36
global.js,14,js,3fbe2540,stephmuna,2025-10-17,02:10:04,-07:00,2025-10-17T02:10:04-07:00,2,54
global.js,15,js,3fbe2540,stephmuna,2025-10-17,02:10:04,-07:00,2025-10-17T02:10:04-07:00,1,0
global.js,16,js,3fbe2540,stephmuna,2025-10-17,02:10:04,-07:00,2025-10-17T02:10:04-07:00,0,0
global.js,17,js,3fbe2540,stephmuna,2025-10-17,02:10:04,-07:00,2025-10-17T02:10:04-07:00,1,38
global.js,18,js,3fbe2540,stephmuna,2025-10-17,02:10:04,-07:00,2025-10-17T02:10:04-07:00,1,25
global.js,19,js,3fbe2540,stephmuna,2025-10-17,02:10:04,-07:00,2025-10-17T02:10:04-07:00,1,0
global.js,20,js,3fbe2540,stephmuna,2025-10-17,02:10:04,-07:00,2025-10-17T02:10:04-07:00,1,88
global.js,21,js,3fbe2540,stephmuna,2025-10-17,02:10:04,-07:00,2025-10-17T02:10:04-07:00,2,36
global.js,22,js,3fbe2540,stephmuna,2025-10-17,02:10:04,-07:00,2025-10-17T02:10:04-07:00,2,48
global.js,23,js,3fbe2540,stephmuna,2025-10-17,02:10:04,-07:00,2025-10-17T02:10:04-07:00,1,0
global.js,24,js,3fbe2540,stephmuna,2025-10-17,02:10:04,-07:00,2025-10-17T02:10:04-07:00,1,20
global.js,25,js,3fbe2540,stephmuna,2025-10-17,02:10:04,-07:00,2025-10-17T02:10:04-07:00,2,14
global.js,26,js,3fbe2540,stephmuna,2025-10-17,02:10:04,-07:00,2025-10-17T02:10:04-07:00,2,18
global.js,27,js,3fbe2540,stephmuna,2025-10-17,02:10:04,-07:00,2025-10-17T02:10:04-07:00,1,0
global.js,28,js,3fbe2540,stephmuna,2025-10-17,02:10:04,-07:00,2025-10-17T02:10:04-07:00,2,0
global.js,29,js,3fbe2540,stephmuna,2025-10-17,02:10:04,-07:00,2025-10-17T02:10:04-07:00,2,52
global.js,30,js,3fbe2540,stephmuna,2025-10-17,02:10:04,-07:00,2025-10-17T02:10:04-07:00,1,0
global.js,31,js,3fbe2540,stephmuna,2025-10-17,02:10:04,-07:00,2025-10-17T02:10:04-07:00,2,30
global.js,32,js,3fbe2540,stephmuna,2025-10-17,02:10:04,-07:00,2025-10-17T02:10:04-07:00,2,34
global.js,33,js,3fbe2540,stephmuna,2025-10-17,02:10:04,-07:00,2025-10-17T02:10:04-07:00,2,11
global.js,34,js,3fbe2540,stephmuna,2025-10-17,02:10:04,-07:00,2025-10-17T02:10:04-07:00,2,20
global.js,35,js,3fbe2540,stephmuna,2025-10-17,02:10:04,-07:00,2025-10-17T02:10:04-07:00,2,12
global.js,36,js,3fbe2540,stephmuna,2025-10-17,02:10:04,-07:00,2025-10-17T02:10:04-07:00,0,0
global.js,37,js,3fbe2540,stephmuna,2025-10-17,02:10:04,-07:00,2025-10-17T02:10:04-07:00,2,65
global.js,38,js,3fbe2540,stephmuna,2025-10-17,02:10:04,-07:00,2025-10-17T02:10:04-07:00,4,25
global.js,39,js,3fbe2540,stephmuna,2025-10-17,02:10:04,-07:00,2025-10-17T02:10:04-07:00,2,0
global.js,40,js,3fbe2540,stephmuna,2025-10-17,02:10:04,-07:00,2025-10-17T02:10:04-07:00,2,0
global.js,41,js,3fbe2540,stephmuna,2025-10-17,02:10:04,-07:00,2025-10-17T02:10:04-07:00,2,29
global.js,42,js,3fbe2540,stephmuna,2025-10-17,02:10:04,-07:00,2025-10-17T02:10:04-07:00,4,18
global.js,43,js,3fbe2540,stephmuna,2025-10-17,02:10:04,-07:00,2025-10-17T02:10:04-07:00,2,0
global.js,44,js,3fbe2540,stephmuna,2025-10-17,02:10:04,-07:00,2025-10-17T02:10:04-07:00,1,0
global.js,45,js,3fbe2540,stephmuna,2025-10-17,02:10:04,-07:00,2025-10-17T02:10:04-07:00,0,0
global.js,46,js,3fbe2540,stephmuna,2025-10-17,02:10:04,-07:00,2025-10-17T02:10:04-07:00,1,31
global.js,47,js,3fbe2540,stephmuna,2025-10-17,02:10:04,-07:00,2025-10-17T02:10:04-07:00,2,11
global.js,48,js,3fbe2540,stephmuna,2025-10-17,02:10:04,-07:00,2025-10-17T02:10:04-07:00,2,0
global.js,49,js,3fbe2540,stephmuna,2025-10-17,02:10:04,-07:00,2025-10-17T02:10:04-07:00,3,26
global.js,50,js,3fbe2540,stephmuna,2025-10-17,02:10:04,-07:00,2025-10-17T02:10:04-07:00,5,4
global.js,51,js,3fbe2540,stephmuna,2025-10-17,02:10:04,-07:00,2025-10-17T02:10:04-07:00,5,6
global.js,52,js,3fbe2540,stephmuna,2025-10-17,02:10:04,-07:00,2025-10-17T02:10:04-07:00,7,43
global.js,53,js,3fbe2540,stephmuna,2025-10-17,02:10:04,-07:00,2025-10-17T02:10:04-07:00,7,34
global.js,54,js,3fbe2540,stephmuna,2025-10-17,02:10:04,-07:00,2025-10-17T02:10:04-07:00,7,32
global.js,55,js,3fbe2540,stephmuna,2025-10-17,02:10:04,-07:00,2025-10-17T02:10:04-07:00,5,7
global.js,56,js,3fbe2540,stephmuna,2025-10-17,02:10:04,-07:00,2025-10-17T02:10:04-07:00,3,8
global.js,57,js,3fbe2540,stephmuna,2025-10-17,02:10:04,-07:00,2025-10-17T02:10:04-07:00,1,0
global.js,58,js,3fbe2540,stephmuna,2025-10-17,02:10:04,-07:00,2025-10-17T02:10:04-07:00,0,0
global.js,59,js,3fbe2540,stephmuna,2025-10-17,02:10:04,-07:00,2025-10-17T02:10:04-07:00,1,59
global.js,60,js,3fbe2540,stephmuna,2025-10-17,02:10:04,-07:00,2025-10-17T02:10:04-07:00,0,0
global.js,61,js,3fbe2540,stephmuna,2025-10-17,02:10:04,-07:00,2025-10-17T02:10:04-07:00,1,49
global.js,62,js,3fbe2540,stephmuna,2025-10-17,02:10:04,-07:00,2025-10-17T02:10:04-07:00,2,57
global.js,63,js,3fbe2540,stephmuna,2025-10-17,02:10:04,-07:00,2025-10-17T02:10:04-07:00,2,77
global.js,64,js,3fbe2540,stephmuna,2025-10-17,02:10:04,-07:00,2025-10-17T02:10:04-07:00,2,44
global.js,65,js,3fbe2540,stephmuna,2025-10-17,02:10:04,-07:00,2025-10-17T02:10:04-07:00,1,1
global.js,66,js,3fbe2540,stephmuna,2025-10-17,02:10:04,-07:00,2025-10-17T02:10:04-07:00,0,0
global.js,67,js,3fbe2540,stephmuna,2025-10-17,02:10:04,-07:00,2025-10-17T02:10:04-07:00,0,0
global.js,68,js,3fbe2540,stephmuna,2025-10-17,02:10:04,-07:00,2025-10-17T02:10:04-07:00,1,34
global.js,69,js,3fbe2540,stephmuna,2025-10-17,02:10:04,-07:00,2025-10-17T02:10:04-07:00,2,83
global.js,70,js,3fbe2540,stephmuna,2025-10-17,02:10:04,-07:00,2025-10-17T02:10:04-07:00,2,38
global.js,71,js,3fbe2540,stephmuna,2025-10-17,02:10:04,-07:00,2025-10-17T02:10:04-07:00,1,0
global.js,72,js,3fbe2540,stephmuna,2025-10-17,02:10:04,-07:00,2025-10-17T02:10:04-07:00,0,0
global.js,73,js,3fbe2540,stephmuna,2025-10-17,02:10:04,-07:00,2025-10-17T02:10:04-07:00,0,0
global.js,74,js,3fbe2540,stephmuna,2025-10-17,02:10:04,-07:00,2025-10-17T02:10:04-07:00,1,0
global.js,75,js,3fbe2540,stephmuna,2025-10-17,02:10:04,-07:00,2025-10-17T02:10:04-07:00,0,61
global.js,76,js,3fbe2540,stephmuna,2025-10-17,02:10:04,-07:00,2025-10-17T02:10:04-07:00,0,0
global.js,77,js,3fbe2540,stephmuna,2025-10-17,02:10:04,-07:00,2025-10-17T02:10:04-07:00,0,43
global.js,78,js,3fbe2540,stephmuna,2025-10-17,02:10:04,-07:00,2025-10-17T02:10:04-07:00,1,21
global.js,79,js,3fbe2540,stephmuna,2025-10-17,02:10:04,-07:00,2025-10-17T02:10:04-07:00,0,0
global.js,80,js,3fbe2540,stephmuna,2025-10-17,02:10:04,-07:00,2025-10-17T02:10:04-07:00,1,30
global.js,81,js,3fbe2540,stephmuna,2025-10-17,02:10:04,-07:00,2025-10-17T02:10:04-07:00,0,0
global.js,82,js,3fbe2540,stephmuna,2025-10-17,02:10:04,-07:00,2025-10-17T02:10:04-07:00,1,16
global.js,83,js,3fbe2540,stephmuna,2025-10-17,02:10:04,-07:00,2025-10-17T02:10:04-07:00,1,31
global.js,84,js,3fbe2540,stephmuna,2025-10-17,02:10:04,-07:00,2025-10-17T02:10:04-07:00,2,0
global.js,85,js,3fbe2540,stephmuna,2025-10-17,02:10:04,-07:00,2025-10-17T02:10:04-07:00,2,70
global.js,86,js,3fbe2540,stephmuna,2025-10-17,02:10:04,-07:00,2025-10-17T02:10:04-07:00,1,0
global.js,87,js,3fbe2540,stephmuna,2025-10-17,02:10:04,-07:00,2025-10-17T02:10:04-07:00,0,0
global.js,88,js,3fbe2540,stephmuna,2025-10-17,02:10:04,-07:00,2025-10-17T02:10:04-07:00,1,48
global.js,89,js,3fbe2540,stephmuna,2025-10-17,02:10:04,-07:00,2025-10-17T02:10:04-07:00,1,70
global.js,90,js,3fbe2540,stephmuna,2025-10-17,02:10:04,-07:00,2025-10-17T02:10:04-07:00,0,0
global.js,91,js,3fbe2540,stephmuna,2025-10-17,02:10:04,-07:00,2025-10-17T02:10:04-07:00,1,18
global.js,92,js,3fbe2540,stephmuna,2025-10-17,02:10:04,-07:00,2025-10-17T02:10:04-07:00,0,1
global.js,93,js,e875902b,stephmuna,2025-10-25,20:44:02,-07:00,2025-10-25T20:44:02-07:00,0,36
global.js,94,js,e875902b,stephmuna,2025-10-25,20:44:02,-07:00,2025-10-25T20:44:02-07:00,1,3
global.js,95,js,e875902b,stephmuna,2025-10-25,20:44:02,-07:00,2025-10-25T20:44:02-07:00,2,39
global.js,96,js,e875902b,stephmuna,2025-10-25,20:44:02,-07:00,2025-10-25T20:44:02-07:00,2,32
global.js,97,js,e875902b,stephmuna,2025-10-25,20:44:02,-07:00,2025-10-25T20:44:02-07:00,0,0
global.js,98,js,e875902b,stephmuna,2025-10-25,20:44:02,-07:00,2025-10-25T20:44:02-07:00,2,17
global.js,99,js,e875902b,stephmuna,2025-10-25,20:44:02,-07:00,2025-10-25T20:44:02-07:00,3,66
global.js,100,js,e875902b,stephmuna,2025-10-25,20:44:02,-07:00,2025-10-25T20:44:02-07:00,2,0
global.js,101,js,e875902b,stephmuna,2025-10-25,20:44:02,-07:00,2025-10-25T20:44:02-07:00,0,0
global.js,102,js,e875902b,stephmuna,2025-10-25,20:44:02,-07:00,2025-10-25T20:44:02-07:00,2,33
global.js,103,js,e875902b,stephmuna,2025-10-25,20:44:02,-07:00,2025-10-25T20:44:02-07:00,2,10
global.js,104,js,e875902b,stephmuna,2025-10-25,20:44:02,-07:00,2025-10-25T20:44:02-07:00,1,15
global.js,105,js,e875902b,stephmuna,2025-10-25,20:44:02,-07:00,2025-10-25T20:44:02-07:00,2,59
global.js,106,js,e875902b,stephmuna,2025-10-25,20:44:02,-07:00,2025-10-25T20:44:02-07:00,1,0
global.js,107,js,e875902b,stephmuna,2025-10-25,20:44:02,-07:00,2025-10-25T20:44:02-07:00,0,0
global.js,108,js,e875902b,stephmuna,2025-10-25,20:44:02,-07:00,2025-10-25T20:44:02-07:00,0,78
global.js,109,js,e875902b,stephmuna,2025-10-25,20:44:02,-07:00,2025-10-25T20:44:02-07:00,1,30
global.js,110,js,e875902b,stephmuna,2025-10-25,20:44:02,-07:00,2025-10-25T20:44:02-07:00,0,0
global.js,111,js,e875902b,stephmuna,2025-10-25,20:44:02,-07:00,2025-10-25T20:44:02-07:00,1,24
global.js,112,js,e875902b,stephmuna,2025-10-25,20:44:02,-07:00,2025-10-25T20:44:02-07:00,2,48
global.js,113,js,e875902b,stephmuna,2025-10-25,20:44:02,-07:00,2025-10-25T20:44:02-07:00,2,19
global.js,114,js,90129f48,stephmuna,2025-10-31,15:23:56,-07:00,2025-10-31T15:23:56-07:00,3,43
global.js,115,js,e875902b,stephmuna,2025-10-25,20:44:02,-07:00,2025-10-25T20:44:02-07:00,3,37
global.js,116,js,90129f48,stephmuna,2025-10-31,15:23:56,-07:00,2025-10-31T15:23:56-07:00,3,24
global.js,117,js,90129f48,stephmuna,2025-10-31,15:23:56,-07:00,2025-10-31T15:23:56-07:00,4,21
global.js,118,js,90129f48,stephmuna,2025-10-31,15:23:56,-07:00,2025-10-31T15:23:56-07:00,4,47
global.js,119,js,90129f48,stephmuna,2025-10-31,15:23:56,-07:00,2025-10-31T15:23:56-07:00,3,4
global.js,120,js,e875902b,stephmuna,2025-10-25,20:44:02,-07:00,2025-10-25T20:44:02-07:00,2,0
global.js,121,js,e875902b,stephmuna,2025-10-25,20:44:02,-07:00,2025-10-25T20:44:02-07:00,2,36
global.js,122,js,e875902b,stephmuna,2025-10-25,20:44:02,-07:00,2025-10-25T20:44:02-07:00,1,0
global.js,123,js,e875902b,stephmuna,2025-10-25,20:44:02,-07:00,2025-10-25T20:44:02-07:00,0,0
global.js,124,js,e875902b,stephmuna,2025-10-25,20:44:02,-07:00,2025-10-25T20:44:02-07:00,0,0
global.js,125,js,e875902b,stephmuna,2025-10-25,20:44:02,-07:00,2025-10-25T20:44:02-07:00,0,47
global.js,126,js,e875902b,stephmuna,2025-10-25,20:44:02,-07:00,2025-10-25T20:44:02-07:00,1,59
global.js,127,js,e875902b,stephmuna,2025-10-25,20:44:02,-07:00,2025-10-25T20:44:02-07:00,0,0
global.js,128,js,3fbe2540,stephmuna,2025-10-17,02:10:04,-07:00,2025-10-17T02:10:04-07:00,0,0
global.js,129,js,3fbe2540,stephmuna,2025-10-17,02:10:04,-07:00,2025-10-17T02:10:04-07:00,0,0
global.js,130,js,3fbe2540,stephmuna,2025-10-17,02:10:04,-07:00,2025-10-17T02:10:04-07:00,0,0
global.js,131,js,3fbe2540,stephmuna,2025-10-17,02:10:04,-07:00,2025-10-17T02:10:04-07:00,1,0
global.js,132,js,3fbe2540,stephmuna,2025-10-17,02:10:04,-07:00,2025-10-17T02:10:04-07:00,0,0
global.js,133,js,3fbe2540,stephmuna,2025-10-17,02:10:04,-07:00,2025-10-17T02:10:04-07:00,1,0
global.js,134,js,3fbe2540,stephmuna,2025-10-17,02:10:04,-07:00,2025-10-17T02:10:04-07:00,1,0
global.js,135,js,3fbe2540,stephmuna,2025-10-17,02:10:04,-07:00,2025-10-17T02:10:04-07:00,0,0
global.js,136,js,3fbe2540,stephmuna,2025-10-17,02:10:04,-07:00,2025-10-17T02:10:04-07:00,0,0
global.js,137,js,3fbe2540,stephmuna,2025-10-17,02:10:04,-07:00,2025-10-17T02:10:04-07:00,0,0
global.js,138,js,3fbe2540,stephmuna,2025-10-17,02:10:04,-07:00,2025-10-17T02:10:04-07:00,0,0
global.js,139,js,3fbe2540,stephmuna,2025-10-17,02:10:04,-07:00,2025-10-17T02:10:04-07:00,0,0
global.js,140,js,3fbe2540,stephmuna,2025-10-17,02:10:04,-07:00,2025-10-17T02:10:04-07:00,1,0
resume/index.html,1,html,54475904,stephmuna,2025-10-03,20:49:42,-07:00,2025-10-03T20:49:42-07:00,0,13
resume/index.html,2,html,54475904,stephmuna,2025-10-03,20:49:42,-07:00,2025-10-03T20:49:42-07:00,0,14
resume/index.html,3,html,54475904,stephmuna,2025-10-03,20:49:42,-07:00,2025-10-03T20:49:42-07:00,0,4
resume/index.html,4,html,54475904,stephmuna,2025-10-03,20:49:42,-07:00,2025-10-03T20:49:42-07:00,2,20
resume/index.html,5,html,54475904,stephmuna,2025-10-03,20:49:42,-07:00,2025-10-03T20:49:42-07:00,2,68
resume/index.html,6,html,54475904,stephmuna,2025-10-03,20:49:42,-07:00,2025-10-03T20:49:42-07:00,2,19
resume/index.html,7,html,33a14698,stephmuna,2025-10-10,01:16:26,-07:00,2025-10-10T01:16:26-07:00,2,41
resume/index.html,8,html,54475904,stephmuna,2025-10-03,20:49:42,-07:00,2025-10-03T20:49:42-07:00,0,5
resume/index.html,9,html,54475904,stephmuna,2025-10-03,20:49:42,-07:00,2025-10-03T20:49:42-07:00,0,4
resume/index.html,10,html,3fbe2540,stephmuna,2025-10-17,02:10:04,-07:00,2025-10-17T02:10:04-07:00,2,0
resume/index.html,11,html,54475904,stephmuna,2025-10-03,20:49:42,-07:00,2025-10-03T20:49:42-07:00,2,0
resume/index.html,12,html,54475904,stephmuna,2025-10-03,20:49:42,-07:00,2025-10-03T20:49:42-07:00,0,0
resume/index.html,13,html,54475904,stephmuna,2025-10-03,20:49:42,-07:00,2025-10-03T20:49:42-07:00,2,14
resume/index.html,14,html,54475904,stephmuna,2025-10-03,20:49:42,-07:00,2025-10-03T20:49:42-07:00,0,0
resume/index.html,15,html,33a14698,stephmuna,2025-10-10,01:16:26,-07:00,2025-10-10T01:16:26-07:00,2,16
resume/index.html,16,html,33a14698,stephmuna,2025-10-10,01:16:26,-07:00,2025-10-10T01:16:26-07:00,0,0
resume/index.html,17,html,54475904,stephmuna,2025-10-03,20:49:42,-07:00,2025-10-03T20:49:42-07:00,2,6
resume/index.html,18,html,33a14698,stephmuna,2025-10-10,01:16:26,-07:00,2025-10-10T01:16:26-07:00,4,38
resume/index.html,19,html,33a14698,stephmuna,2025-10-10,01:16:26,-07:00,2025-10-10T01:16:26-07:00,4,16
resume/index.html,20,html,54475904,stephmuna,2025-10-03,20:49:42,-07:00,2025-10-03T20:49:42-07:00,5,67
resume/index.html,21,html,54475904,stephmuna,2025-10-03,20:49:42,-07:00,2025-10-03T20:49:42-07:00,5,43
resume/index.html,22,html,54475904,stephmuna,2025-10-03,20:49:42,-07:00,2025-10-03T20:49:42-07:00,5,65
resume/index.html,23,html,54475904,stephmuna,2025-10-03,20:49:42,-07:00,2025-10-03T20:49:42-07:00,5,47
resume/index.html,24,html,54475904,stephmuna,2025-10-03,20:49:42,-07:00,2025-10-03T20:49:42-07:00,4,2
resume/index.html,25,html,54475904,stephmuna,2025-10-03,20:49:42,-07:00,2025-10-03T20:49:42-07:00,3,7
resume/index.html,26,html,54475904,stephmuna,2025-10-03,20:49:42,-07:00,2025-10-03T20:49:42-07:00,2,0
resume/index.html,27,html,54475904,stephmuna,2025-10-03,20:49:42,-07:00,2025-10-03T20:49:42-07:00,3,4
resume/index.html,28,html,54475904,stephmuna,2025-10-03,20:49:42,-07:00,2025-10-03T20:49:42-07:00,4,7
resume/index.html,29,html,54475904,stephmuna,2025-10-03,20:49:42,-07:00,2025-10-03T20:49:42-07:00,5,16
resume/index.html,30,html,54475904,stephmuna,2025-10-03,20:49:42,-07:00,2025-10-03T20:49:42-07:00,5,7
resume/index.html,31,html,54475904,stephmuna,2025-10-03,20:49:42,-07:00,2025-10-03T20:49:42-07:00,6,48
resume/index.html,32,html,54475904,stephmuna,2025-10-03,20:49:42,-07:00,2025-10-03T20:49:42-07:00,6,18
resume/index.html,33,html,54475904,stephmuna,2025-10-03,20:49:42,-07:00,2025-10-03T20:49:42-07:00,6,60
resume/index.html,34,html,54475904,stephmuna,2025-10-03,20:49:42,-07:00,2025-10-03T20:49:42-07:00,6,14
resume/index.html,35,html,54475904,stephmuna,2025-10-03,20:49:42,-07:00,2025-10-03T20:49:42-07:00,6,47
resume/index.html,36,html,54475904,stephmuna,2025-10-03,20:49:42,-07:00,2025-10-03T20:49:42-07:00,5,8
resume/index.html,37,html,54475904,stephmuna,2025-10-03,20:49:42,-07:00,2025-10-03T20:49:42-07:00,4,8
resume/index.html,38,html,54475904,stephmuna,2025-10-03,20:49:42,-07:00,2025-10-03T20:49:42-07:00,2,0
resume/index.html,39,html,54475904,stephmuna,2025-10-03,20:49:42,-07:00,2025-10-03T20:49:42-07:00,4,7
resume/index.html,40,html,54475904,stephmuna,2025-10-03,20:49:42,-07:00,2025-10-03T20:49:42-07:00,5,23
resume/index.html,41,html,54475904,stephmuna,2025-10-03,20:49:42,-07:00,2025-10-03T20:49:42-07:00,5,2
resume/index.html,42,html,54475904,stephmuna,2025-10-03,20:49:42,-07:00,2025-10-03T20:49:42-07:00,6,67
resume/index.html,43,html,54475904,stephmuna,2025-10-03,20:49:42,-07:00,2025-10-03T20:49:42-07:00,6,90
resume/index.html,44,html,54475904,stephmuna,2025-10-03,20:49:42,-07:00,2025-10-03T20:49:42-07:00,6,92
resume/index.html,45,html,54475904,stephmuna,2025-10-03,20:49:42,-07:00,2025-10-03T20:49:42-07:00,6,86
resume/index.html,46,html,54475904,stephmuna,2025-10-03,20:49:42,-07:00,2025-10-03T20:49:42-07:00,5,3
resume/index.html,47,html,54475904,stephmuna,2025-10-03,20:49:42,-07:00,2025-10-03T20:49:42-07:00,4,8
resume/index.html,48,html,54475904,stephmuna,2025-10-03,20:49:42,-07:00,2025-10-03T20:49:42-07:00,2,0
resume/index.html,49,html,54475904,stephmuna,2025-10-03,20:49:42,-07:00,2025-10-03T20:49:42-07:00,4,7
resume/index.html,50,html,54475904,stephmuna,2025-10-03,20:49:42,-07:00,2025-10-03T20:49:42-07:00,5,17
resume/index.html,51,html,54475904,stephmuna,2025-10-03,20:49:42,-07:00,2025-10-03T20:49:42-07:00,5,7
resume/index.html,52,html,cebde38f,stephmuna,2025-10-10,01:58:28,-07:00,2025-10-10T01:58:28-07:00,6,21
resume/index.html,53,html,54475904,stephmuna,2025-10-03,20:49:42,-07:00,2025-10-03T20:49:42-07:00,7,68
resume/index.html,54,html,54475904,stephmuna,2025-10-03,20:49:42,-07:00,2025-10-03T20:49:42-07:00,7,81
resume/index.html,55,html,54475904,stephmuna,2025-10-03,20:49:42,-07:00,2025-10-03T20:49:42-07:00,6,7
resume/index.html,56,html,54475904,stephmuna,2025-10-03,20:49:42,-07:00,2025-10-03T20:49:42-07:00,6,2
resume/index.html,57,html,54475904,stephmuna,2025-10-03,20:49:42,-07:00,2025-10-03T20:49:42-07:00,7,62
resume/index.html,58,html,54475904,stephmuna,2025-10-03,20:49:42,-07:00,2025-10-03T20:49:42-07:00,7,68
resume/index.html,59,html,54475904,stephmuna,2025-10-03,20:49:42,-07:00,2025-10-03T20:49:42-07:00,7,75
resume/index.html,60,html,54475904,stephmuna,2025-10-03,20:49:42,-07:00,2025-10-03T20:49:42-07:00,6,3
resume/index.html,61,html,54475904,stephmuna,2025-10-03,20:49:42,-07:00,2025-10-03T20:49:42-07:00,5,8
resume/index.html,62,html,54475904,stephmuna,2025-10-03,20:49:42,-07:00,2025-10-03T20:49:42-07:00,4,8
resume/index.html,63,html,54475904,stephmuna,2025-10-03,20:49:42,-07:00,2025-10-03T20:49:42-07:00,2,0
resume/index.html,64,html,54475904,stephmuna,2025-10-03,20:49:42,-07:00,2025-10-03T20:49:42-07:00,4,7
resume/index.html,65,html,54475904,stephmuna,2025-10-03,20:49:42,-07:00,2025-10-03T20:49:42-07:00,5,15
resume/index.html,66,html,cebde38f,stephmuna,2025-10-10,01:58:28,-07:00,2025-10-10T01:58:28-07:00,5,8
resume/index.html,67,html,cebde38f,stephmuna,2025-10-10,01:58:28,-07:00,2025-10-10T01:58:28-07:00,6,21
resume/index.html,68,html,54475904,stephmuna,2025-10-03,20:49:42,-07:00,2025-10-03T20:49:42-07:00,6,45
resume/index.html,69,html,33a14698,stephmuna,2025-10-10,01:16:26,-07:00,2025-10-10T01:16:26-07:00,6,44
resume/index.html,70,html,cebde38f,stephmuna,2025-10-10,01:58:28,-07:00,2025-10-10T01:58:28-07:00,5,7
resume/index.html,71,html,54475904,stephmuna,2025-10-03,20:49:42,-07:00,2025-10-03T20:49:42-07:00,6,2
resume/index.html,72,html,54475904,stephmuna,2025-10-03,20:49:42,-07:00,2025-10-03T20:49:42-07:00,7,75
resume/index.html,73,html,54475904,stephmuna,2025-10-03,20:49:42,-07:00,2025-10-03T20:49:42-07:00,7,75
resume/index.html,74,html,54475904,stephmuna,2025-10-03,20:49:42,-07:00,2025-10-03T20:49:42-07:00,6,3
resume/index.html,75,html,54475904,stephmuna,2025-10-03,20:49:42,-07:00,2025-10-03T20:49:42-07:00,5,8
resume/index.html,76,html,54475904,stephmuna,2025-10-03,20:49:42,-07:00,2025-10-03T20:49:42-07:00,2,0
resume/index.html,77,html,54475904,stephmuna,2025-10-03,20:49:42,-07:00,2025-10-03T20:49:42-07:00,5,7
resume/index.html,78,html,cebde38f,stephmuna,2025-10-10,01:58:28,-07:00,2025-10-10T01:58:28-07:00,6,21
resume/index.html,79,html,54475904,stephmuna,2025-10-03,20:49:42,-07:00,2025-10-03T20:49:42-07:00,6,42
resume/index.html,80,html,33a14698,stephmuna,2025-10-10,01:16:26,-07:00,2025-10-10T01:16:26-07:00,6,45
resume/index.html,81,html,cebde38f,stephmuna,2025-10-10,01:58:28,-07:00,2025-10-10T01:58:28-07:00,5,7
resume/index.html,82,html,cebde38f,stephmuna,2025-10-10,01:58:28,-07:00,2025-10-10T01:58:28-07:00,5,99
resume/index.html,83,html,cebde38f,stephmuna,2025-10-10,01:58:28,-07:00,2025-10-10T01:58:28-07:00,0,0
resume/index.html,84,html,54475904,stephmuna,2025-10-03,20:49:42,-07:00,2025-10-03T20:49:42-07:00,6,2
resume/index.html,85,html,54475904,stephmuna,2025-10-03,20:49:42,-07:00,2025-10-03T20:49:42-07:00,7,55
resume/index.html,86,html,54475904,stephmuna,2025-10-03,20:49:42,-07:00,2025-10-03T20:49:42-07:00,7,66
resume/index.html,87,html,54475904,stephmuna,2025-10-03,20:49:42,-07:00,2025-10-03T20:49:42-07:00,6,3
resume/index.html,88,html,54475904,stephmuna,2025-10-03,20:49:42,-07:00,2025-10-03T20:49:42-07:00,5,8
resume/index.html,89,html,54475904,stephmuna,2025-10-03,20:49:42,-07:00,2025-10-03T20:49:42-07:00,2,0
resume/index.html,90,html,54475904,stephmuna,2025-10-03,20:49:42,-07:00,2025-10-03T20:49:42-07:00,5,7
resume/index.html,91,html,cebde38f,stephmuna,2025-10-10,01:58:28,-07:00,2025-10-10T01:58:28-07:00,6,21
resume/index.html,92,html,54475904,stephmuna,2025-10-03,20:49:42,-07:00,2025-10-03T20:49:42-07:00,6,30
resume/index.html,93,html,33a14698,stephmuna,2025-10-10,01:16:26,-07:00,2025-10-10T01:16:26-07:00,6,46
resume/index.html,94,html,cebde38f,stephmuna,2025-10-10,01:58:28,-07:00,2025-10-10T01:58:28-07:00,5,7
resume/index.html,95,html,54475904,stephmuna,2025-10-03,20:49:42,-07:00,2025-10-03T20:49:42-07:00,6,2
resume/index.html,96,html,54475904,stephmuna,2025-10-03,20:49:42,-07:00,2025-10-03T20:49:42-07:00,7,68
resume/index.html,97,html,54475904,stephmuna,2025-10-03,20:49:42,-07:00,2025-10-03T20:49:42-07:00,7,64
resume/index.html,98,html,54475904,stephmuna,2025-10-03,20:49:42,-07:00,2025-10-03T20:49:42-07:00,6,3
resume/index.html,99,html,54475904,stephmuna,2025-10-03,20:49:42,-07:00,2025-10-03T20:49:42-07:00,5,8
resume/index.html,100,html,54475904,stephmuna,2025-10-03,20:49:42,-07:00,2025-10-03T20:49:42-07:00,4,8
resume/index.html,101,html,54475904,stephmuna,2025-10-03,20:49:42,-07:00,2025-10-03T20:49:42-07:00,2,0
resume/index.html,102,html,54475904,stephmuna,2025-10-03,20:49:42,-07:00,2025-10-03T20:49:42-07:00,4,7
resume/index.html,103,html,cebde38f,stephmuna,2025-10-10,01:58:28,-07:00,2025-10-10T01:58:28-07:00,5,0
resume/index.html,104,html,54475904,stephmuna,2025-10-03,20:49:42,-07:00,2025-10-03T20:49:42-07:00,5,17
resume/index.html,105,html,54475904,stephmuna,2025-10-03,20:49:42,-07:00,2025-10-03T20:49:42-07:00,5,7
resume/index.html,106,html,cebde38f,stephmuna,2025-10-10,01:58:28,-07:00,2025-10-10T01:58:28-07:00,6,21
resume/index.html,107,html,54475904,stephmuna,2025-10-03,20:49:42,-07:00,2025-10-03T20:49:42-07:00,6,60
resume/index.html,108,html,cebde38f,stephmuna,2025-10-10,01:58:28,-07:00,2025-10-10T01:58:28-07:00,6,53
resume/index.html,109,html,54475904,stephmuna,2025-10-03,20:49:42,-07:00,2025-10-03T20:49:42-07:00,6,2
resume/index.html,110,html,54475904,stephmuna,2025-10-03,20:49:42,-07:00,2025-10-03T20:49:42-07:00,7,59
resume/index.html,111,html,54475904,stephmuna,2025-10-03,20:49:42,-07:00,2025-10-03T20:49:42-07:00,7,54
resume/index.html,112,html,54475904,stephmuna,2025-10-03,20:49:42,-07:00,2025-10-03T20:49:42-07:00,6,3
resume/index.html,113,html,54475904,stephmuna,2025-10-03,20:49:42,-07:00,2025-10-03T20:49:42-07:00,5,8
resume/index.html,114,html,54475904,stephmuna,2025-10-03,20:49:42,-07:00,2025-10-03T20:49:42-07:00,4,8
resume/index.html,115,html,54475904,stephmuna,2025-10-03,20:49:42,-07:00,2025-10-03T20:49:42-07:00,3,5
resume/index.html,116,html,33a14698,stephmuna,2025-10-10,01:16:26,-07:00,2025-10-10T01:16:26-07:00,2,4
resume/index.html,117,html,54475904,stephmuna,2025-10-03,20:49:42,-07:00,2025-10-03T20:49:42-07:00,2,0
resume/index.html,118,html,3fbe2540,stephmuna,2025-10-17,02:10:04,-07:00,2025-10-17T02:10:04-07:00,0,48
resume/index.html,119,html,54475904,stephmuna,2025-10-03,20:49:42,-07:00,2025-10-03T20:49:42-07:00,0,5
resume/index.html,120,html,54475904,stephmuna,2025-10-03,20:49:42,-07:00,2025-10-03T20:49:42-07:00,0,5
projects/projects.js,1,js,e875902b,stephmuna,2025-10-25,20:44:02,-07:00,2025-10-25T20:44:02-07:00,0,55
projects/projects.js,2,js,e875902b,stephmuna,2025-10-25,20:44:02,-07:00,2025-10-25T20:44:02-07:00,0,0
projects/projects.js,3,js,e875902b,stephmuna,2025-10-25,20:44:02,-07:00,2025-10-25T20:44:02-07:00,0,55
projects/projects.js,4,js,e875902b,stephmuna,2025-10-25,20:44:02,-07:00,2025-10-25T20:44:02-07:00,0,0
projects/projects.js,5,js,e875902b,stephmuna,2025-10-25,20:44:02,-07:00,2025-10-25T20:44:02-07:00,0,60
projects/projects.js,6,js,e875902b,stephmuna,2025-10-25,20:44:02,-07:00,2025-10-25T20:44:02-07:00,0,0
projects/projects.js,7,js,e875902b,stephmuna,2025-10-25,20:44:02,-07:00,2025-10-25T20:44:02-07:00,0,61
projects/projects.js,8,js,e875902b,stephmuna,2025-10-25,20:44:02,-07:00,2025-10-25T20:44:02-07:00,0,57
projects/projects.js,9,js,e875902b,stephmuna,2025-10-25,20:44:02,-07:00,2025-10-25T20:44:02-07:00,0,0
projects/projects.js,10,js,90129f48,stephmuna,2025-10-31,15:23:56,-07:00,2025-10-31T15:23:56-07:00,0,48
projects/projects.js,11,js,90129f48,stephmuna,2025-10-31,15:23:56,-07:00,2025-10-31T15:23:56-07:00,0,0
projects/projects.js,12,js,90129f48,stephmuna,2025-10-31,15:23:56,-07:00,2025-10-31T15:23:56-07:00,0,63
projects/projects.js,13,js,90129f48,stephmuna,2025-10-31,15:23:56,-07:00,2025-10-31T15:23:56-07:00,0,0
projects/projects.js,14,js,90129f48,stephmuna,2025-10-31,15:23:56,-07:00,2025-10-31T15:23:56-07:00,0,13
projects/projects.js,15,js,90129f48,stephmuna,2025-10-31,15:23:56,-07:00,2025-10-31T15:23:56-07:00,0,55
projects/projects.js,16,js,90129f48,stephmuna,2025-10-31,15:23:56,-07:00,2025-10-31T15:23:56-07:00,0,0
projects/projects.js,17,js,90129f48,stephmuna,2025-10-31,15:23:56,-07:00,2025-10-31T15:23:56-07:00,0,0
projects/projects.js,18,js,90129f48,stephmuna,2025-10-31,15:23:56,-07:00,2025-10-31T15:23:56-07:00,0,22
projects/projects.js,19,js,8ae5ebd5,stephmuna,2025-10-31,17:41:00,-07:00,2025-10-31T17:41:00-07:00,1,24
projects/projects.js,20,js,8ae5ebd5,stephmuna,2025-10-31,17:41:00,-07:00,2025-10-31T17:41:00-07:00,1,79
projects/projects.js,21,js,90129f48,stephmuna,2025-10-31,15:23:56,-07:00,2025-10-31T15:23:56-07:00,0,0
projects/projects.js,22,js,90129f48,stephmuna,2025-10-31,15:23:56,-07:00,2025-10-31T15:23:56-07:00,0,0
projects/projects.js,23,js,90129f48,stephmuna,2025-10-31,15:23:56,-07:00,2025-10-31T15:23:56-07:00,0,20
projects/projects.js,24,js,90129f48,stephmuna,2025-10-31,15:23:56,-07:00,2025-10-31T15:23:56-07:00,0,0
projects/projects.js,25,js,90129f48,stephmuna,2025-10-31,15:23:56,-07:00,2025-10-31T15:23:56-07:00,0,38
projects/projects.js,26,js,90129f48,stephmuna,2025-10-31,15:23:56,-07:00,2025-10-31T15:23:56-07:00,2,25
projects/projects.js,27,js,90129f48,stephmuna,2025-10-31,15:23:56,-07:00,2025-10-31T15:23:56-07:00,2,29
projects/projects.js,28,js,90129f48,stephmuna,2025-10-31,15:23:56,-07:00,2025-10-31T15:23:56-07:00,4,12
projects/projects.js,29,js,90129f48,stephmuna,2025-10-31,15:23:56,-07:00,2025-10-31T15:23:56-07:00,4,14
projects/projects.js,30,js,90129f48,stephmuna,2025-10-31,15:23:56,-07:00,2025-10-31T15:23:56-07:00,4,11
projects/projects.js,31,js,90129f48,stephmuna,2025-10-31,15:23:56,-07:00,2025-10-31T15:23:56-07:00,3,0
projects/projects.js,32,js,90129f48,stephmuna,2025-10-31,15:23:56,-07:00,2025-10-31T15:23:56-07:00,2,0
projects/projects.js,33,js,90129f48,stephmuna,2025-10-31,15:23:56,-07:00,2025-10-31T15:23:56-07:00,3,18
projects/projects.js,34,js,90129f48,stephmuna,2025-10-31,15:23:56,-07:00,2025-10-31T15:23:56-07:00,3,51
projects/projects.js,35,js,90129f48,stephmuna,2025-10-31,15:23:56,-07:00,2025-10-31T15:23:56-07:00,4,11
projects/projects.js,36,js,90129f48,stephmuna,2025-10-31,15:23:56,-07:00,2025-10-31T15:23:56-07:00,4,10
projects/projects.js,37,js,90129f48,stephmuna,2025-10-31,15:23:56,-07:00,2025-10-31T15:23:56-07:00,3,2
projects/projects.js,38,js,90129f48,stephmuna,2025-10-31,15:23:56,-07:00,2025-10-31T15:23:56-07:00,2,0
projects/projects.js,39,js,90129f48,stephmuna,2025-10-31,15:23:56,-07:00,2025-10-31T15:23:56-07:00,3,51
projects/projects.js,40,js,90129f48,stephmuna,2025-10-31,15:23:56,-07:00,2025-10-31T15:23:56-07:00,3,53
projects/projects.js,41,js,90129f48,stephmuna,2025-10-31,15:23:56,-07:00,2025-10-31T15:23:56-07:00,3,42
projects/projects.js,42,js,90129f48,stephmuna,2025-10-31,15:23:56,-07:00,2025-10-31T15:23:56-07:00,3,51
projects/projects.js,43,js,90129f48,stephmuna,2025-10-31,15:23:56,-07:00,2025-10-31T15:23:56-07:00,3,45
projects/projects.js,44,js,90129f48,stephmuna,2025-10-31,15:23:56,-07:00,2025-10-31T15:23:56-07:00,2,0
projects/projects.js,45,js,90129f48,stephmuna,2025-10-31,15:23:56,-07:00,2025-10-31T15:23:56-07:00,3,27
projects/projects.js,46,js,90129f48,stephmuna,2025-10-31,15:23:56,-07:00,2025-10-31T15:23:56-07:00,3,40
projects/projects.js,47,js,90129f48,stephmuna,2025-10-31,15:23:56,-07:00,2025-10-31T15:23:56-07:00,3,29
projects/projects.js,48,js,90129f48,stephmuna,2025-10-31,15:23:56,-07:00,2025-10-31T15:23:56-07:00,2,0
projects/projects.js,49,js,90129f48,stephmuna,2025-10-31,15:23:56,-07:00,2025-10-31T15:23:56-07:00,3,32
projects/projects.js,50,js,90129f48,stephmuna,2025-10-31,15:23:56,-07:00,2025-10-31T15:23:56-07:00,3,30
projects/projects.js,51,js,90129f48,stephmuna,2025-10-31,15:23:56,-07:00,2025-10-31T15:23:56-07:00,2,0
projects/projects.js,52,js,90129f48,stephmuna,2025-10-31,15:23:56,-07:00,2025-10-31T15:23:56-07:00,3,7
projects/projects.js,53,js,90129f48,stephmuna,2025-10-31,15:23:56,-07:00,2025-10-31T15:23:56-07:00,3,47
projects/projects.js,54,js,90129f48,stephmuna,2025-10-31,15:23:56,-07:00,2025-10-31T15:23:56-07:00,2,0
projects/projects.js,55,js,90129f48,stephmuna,2025-10-31,15:23:56,-07:00,2025-10-31T15:23:56-07:00,3,20
projects/projects.js,56,js,90129f48,stephmuna,2025-10-31,15:23:56,-07:00,2025-10-31T15:23:56-07:00,3,27
projects/projects.js,57,js,90129f48,stephmuna,2025-10-31,15:23:56,-07:00,2025-10-31T15:23:56-07:00,4,1
projects/projects.js,58,js,90129f48,stephmuna,2025-10-31,15:23:56,-07:00,2025-10-31T15:23:56-07:00,5,13
projects/projects.js,59,js,90129f48,stephmuna,2025-10-31,15:23:56,-07:00,2025-10-31T15:23:56-07:00,5,13
projects/projects.js,60,js,90129f48,stephmuna,2025-10-31,15:23:56,-07:00,2025-10-31T15:23:56-07:00,5,22
projects/projects.js,61,js,90129f48,stephmuna,2025-10-31,15:23:56,-07:00,2025-10-31T15:23:56-07:00,5,36
projects/projects.js,62,js,90129f48,stephmuna,2025-10-31,15:23:56,-07:00,2025-10-31T15:23:56-07:00,5,53
projects/projects.js,63,js,90129f48,stephmuna,2025-10-31,15:23:56,-07:00,2025-10-31T15:23:56-07:00,5,39
projects/projects.js,64,js,90129f48,stephmuna,2025-10-31,15:23:56,-07:00,2025-10-31T15:23:56-07:00,6,43
projects/projects.js,65,js,90129f48,stephmuna,2025-10-31,15:23:56,-07:00,2025-10-31T15:23:56-07:00,5,0
projects/projects.js,66,js,90129f48,stephmuna,2025-10-31,15:23:56,-07:00,2025-10-31T15:23:56-07:00,6,53
projects/projects.js,67,js,90129f48,stephmuna,2025-10-31,15:23:56,-07:00,2025-10-31T15:23:56-07:00,6,19
projects/projects.js,68,js,90129f48,stephmuna,2025-10-31,15:23:56,-07:00,2025-10-31T15:23:56-07:00,7,70
projects/projects.js,69,js,90129f48,stephmuna,2025-10-31,15:23:56,-07:00,2025-10-31T15:23:56-07:00,5,0
projects/projects.js,70,js,90129f48,stephmuna,2025-10-31,15:23:56,-07:00,2025-10-31T15:23:56-07:00,6,20
projects/projects.js,71,js,90129f48,stephmuna,2025-10-31,15:23:56,-07:00,2025-10-31T15:23:56-07:00,9,24
projects/projects.js,72,js,90129f48,stephmuna,2025-10-31,15:23:56,-07:00,2025-10-31T15:23:56-07:00,10,60
projects/projects.js,73,js,90129f48,stephmuna,2025-10-31,15:23:56,-07:00,2025-10-31T15:23:56-07:00,9,0
projects/projects.js,74,js,90129f48,stephmuna,2025-10-31,15:23:56,-07:00,2025-10-31T15:23:56-07:00,5,0
projects/projects.js,75,js,90129f48,stephmuna,2025-10-31,15:23:56,-07:00,2025-10-31T15:23:56-07:00,6,38
projects/projects.js,76,js,90129f48,stephmuna,2025-10-31,15:23:56,-07:00,2025-10-31T15:23:56-07:00,6,25
projects/projects.js,77,js,90129f48,stephmuna,2025-10-31,15:23:56,-07:00,2025-10-31T15:23:56-07:00,7,48
projects/projects.js,78,js,90129f48,stephmuna,2025-10-31,15:23:56,-07:00,2025-10-31T15:23:56-07:00,7,59
projects/projects.js,79,js,90129f48,stephmuna,2025-10-31,15:23:56,-07:00,2025-10-31T15:23:56-07:00,7,48
projects/projects.js,80,js,90129f48,stephmuna,2025-10-31,15:23:56,-07:00,2025-10-31T15:23:56-07:00,6,6
projects/projects.js,81,js,90129f48,stephmuna,2025-10-31,15:23:56,-07:00,2025-10-31T15:23:56-07:00,7,53
projects/projects.js,82,js,90129f48,stephmuna,2025-10-31,15:23:56,-07:00,2025-10-31T15:23:56-07:00,7,66
projects/projects.js,83,js,90129f48,stephmuna,2025-10-31,15:23:56,-07:00,2025-10-31T15:23:56-07:00,5,0
projects/projects.js,84,js,90129f48,stephmuna,2025-10-31,15:23:56,-07:00,2025-10-31T15:23:56-07:00,7,48
projects/projects.js,85,js,90129f48,stephmuna,2025-10-31,15:23:56,-07:00,2025-10-31T15:23:56-07:00,7,74
projects/projects.js,86,js,90129f48,stephmuna,2025-10-31,15:23:56,-07:00,2025-10-31T15:23:56-07:00,7,45
projects/projects.js,87,js,90129f48,stephmuna,2025-10-31,15:23:56,-07:00,2025-10-31T15:23:56-07:00,6,0
projects/projects.js,88,js,90129f48,stephmuna,2025-10-31,15:23:56,-07:00,2025-10-31T15:23:56-07:00,5,1
projects/projects.js,89,js,90129f48,stephmuna,2025-10-31,15:23:56,-07:00,2025-10-31T15:23:56-07:00,3,1
projects/projects.js,90,js,90129f48,stephmuna,2025-10-31,15:23:56,-07:00,2025-10-31T15:23:56-07:00,2,0
projects/projects.js,91,js,90129f48,stephmuna,2025-10-31,15:23:56,-07:00,2025-10-31T15:23:56-07:00,3,18
projects/projects.js,92,js,90129f48,stephmuna,2025-10-31,15:23:56,-07:00,2025-10-31T15:23:56-07:00,3,25
projects/projects.js,93,js,90129f48,stephmuna,2025-10-31,15:23:56,-07:00,2025-10-31T15:23:56-07:00,4,4
projects/projects.js,94,js,90129f48,stephmuna,2025-10-31,15:23:56,-07:00,2025-10-31T15:23:56-07:00,5,11
projects/projects.js,95,js,90129f48,stephmuna,2025-10-31,15:23:56,-07:00,2025-10-31T15:23:56-07:00,5,74
projects/projects.js,96,js,90129f48,stephmuna,2025-10-31,15:23:56,-07:00,2025-10-31T15:23:56-07:00,5,36
projects/projects.js,97,js,90129f48,stephmuna,2025-10-31,15:23:56,-07:00,2025-10-31T15:23:56-07:00,5,69
projects/projects.js,98,js,90129f48,stephmuna,2025-10-31,15:23:56,-07:00,2025-10-31T15:23:56-07:00,3,1
projects/projects.js,99,js,90129f48,stephmuna,2025-10-31,15:23:56,-07:00,2025-10-31T15:23:56-07:00,0,0
projects/projects.js,100,js,90129f48,stephmuna,2025-10-31,15:23:56,-07:00,2025-10-31T15:23:56-07:00,0,0
projects/projects.js,101,js,90129f48,stephmuna,2025-10-31,15:23:56,-07:00,2025-10-31T15:23:56-07:00,0,0
projects/projects.js,102,js,90129f48,stephmuna,2025-10-31,15:23:56,-07:00,2025-10-31T15:23:56-07:00,0,23
projects/projects.js,103,js,90129f48,stephmuna,2025-10-31,15:23:56,-07:00,2025-10-31T15:23:56-07:00,0,0
projects/projects.js,104,js,90129f48,stephmuna,2025-10-31,15:23:56,-07:00,2025-10-31T15:23:56-07:00,0,0
projects/projects.js,105,js,90129f48,stephmuna,2025-10-31,15:23:56,-07:00,2025-10-31T15:23:56-07:00,0,48
projects/projects.js,106,js,90129f48,stephmuna,2025-10-31,15:23:56,-07:00,2025-10-31T15:23:56-07:00,1,50
projects/projects.js,107,js,90129f48,stephmuna,2025-10-31,15:23:56,-07:00,2025-10-31T15:23:56-07:00,1,56
projects/projects.js,108,js,90129f48,stephmuna,2025-10-31,15:23:56,-07:00,2025-10-31T15:23:56-07:00,1,31
projects/projects.js,109,js,90129f48,stephmuna,2025-10-31,15:23:56,-07:00,2025-10-31T15:23:56-07:00,0,1
projects/projects.js,110,js,90129f48,stephmuna,2025-10-31,15:23:56,-07:00,2025-10-31T15:23:56-07:00,0,0
projects/index.html,1,html,54475904,stephmuna,2025-10-03,20:49:42,-07:00,2025-10-03T20:49:42-07:00,0,13
projects/index.html,2,html,54475904,stephmuna,2025-10-03,20:49:42,-07:00,2025-10-03T20:49:42-07:00,0,14
projects/index.html,3,html,54475904,stephmuna,2025-10-03,20:49:42,-07:00,2025-10-03T20:49:42-07:00,0,4
projects/index.html,4,html,54475904,stephmuna,2025-10-03,20:49:42,-07:00,2025-10-03T20:49:42-07:00,2,20
projects/index.html,5,html,54475904,stephmuna,2025-10-03,20:49:42,-07:00,2025-10-03T20:49:42-07:00,2,68
projects/index.html,6,html,54475904,stephmuna,2025-10-03,20:49:42,-07:00,2025-10-03T20:49:42-07:00,2,30
projects/index.html,7,html,33a14698,stephmuna,2025-10-10,01:16:26,-07:00,2025-10-10T01:16:26-07:00,2,41
projects/index.html,8,html,54475904,stephmuna,2025-10-03,20:49:42,-07:00,2025-10-03T20:49:42-07:00,0,5
projects/index.html,9,html,54475904,stephmuna,2025-10-03,20:49:42,-07:00,2025-10-03T20:49:42-07:00,0,4
projects/index.html,10,html,3fbe2540,stephmuna,2025-10-17,02:10:04,-07:00,2025-10-17T02:10:04-07:00,2,0
projects/index.html,11,html,54475904,stephmuna,2025-10-03,20:49:42,-07:00,2025-10-03T20:49:42-07:00,2,0
projects/index.html,12,html,54475904,stephmuna,2025-10-03,20:49:42,-07:00,2025-10-03T20:49:42-07:00,0,0
projects/index.html,13,html,e875902b,stephmuna,2025-10-25,20:44:02,-07:00,2025-10-25T20:44:02-07:00,2,48
projects/index.html,14,html,54475904,stephmuna,2025-10-03,20:49:42,-07:00,2025-10-03T20:49:42-07:00,0,0
projects/index.html,15,html,90129f48,stephmuna,2025-10-31,15:23:56,-07:00,2025-10-31T15:23:56-07:00,2,21
projects/index.html,16,html,90129f48,stephmuna,2025-10-31,15:23:56,-07:00,2025-10-31T15:23:56-07:00,4,58
projects/index.html,17,html,90129f48,stephmuna,2025-10-31,15:23:56,-07:00,2025-10-31T15:23:56-07:00,4,22
projects/index.html,18,html,90129f48,stephmuna,2025-10-31,15:23:56,-07:00,2025-10-31T15:23:56-07:00,3,4
projects/index.html,19,html,90129f48,stephmuna,2025-10-31,15:23:56,-07:00,2025-10-31T15:23:56-07:00,0,0
projects/index.html,20,html,90129f48,stephmuna,2025-10-31,15:23:56,-07:00,2025-10-31T15:23:56-07:00,3,4
projects/index.html,21,html,90129f48,stephmuna,2025-10-31,15:23:56,-07:00,2025-10-31T15:23:56-07:00,4,15
projects/index.html,22,html,90129f48,stephmuna,2025-10-31,15:23:56,-07:00,2025-10-31T15:23:56-07:00,4,11
projects/index.html,23,html,90129f48,stephmuna,2025-10-31,15:23:56,-07:00,2025-10-31T15:23:56-07:00,4,26
projects/index.html,24,html,90129f48,stephmuna,2025-10-31,15:23:56,-07:00,2025-10-31T15:23:56-07:00,4,31
projects/index.html,25,html,90129f48,stephmuna,2025-10-31,15:23:56,-07:00,2025-10-31T15:23:56-07:00,2,0
projects/index.html,26,html,90129f48,stephmuna,2025-10-31,15:23:56,-07:00,2025-10-31T15:23:56-07:00,1,0
projects/index.html,27,html,90129f48,stephmuna,2025-10-31,15:23:56,-07:00,2025-10-31T15:23:56-07:00,3,0
projects/index.html,28,html,90129f48,stephmuna,2025-10-31,15:23:56,-07:00,2025-10-31T15:23:56-07:00,0,0
projects/index.html,29,html,33a14698,stephmuna,2025-10-10,01:16:26,-07:00,2025-10-10T01:16:26-07:00,2,20
projects/index.html,30,html,e875902b,stephmuna,2025-10-25,20:44:02,-07:00,2025-10-25T20:44:02-07:00,4,12
projects/index.html,31,html,33a14698,stephmuna,2025-10-10,01:16:26,-07:00,2025-10-10T01:16:26-07:00,6,29
projects/index.html,32,html,33a14698,stephmuna,2025-10-10,01:16:26,-07:00,2025-10-10T01:16:26-07:00,6,70
projects/index.html,33,html,33a14698,stephmuna,2025-10-10,01:16:26,-07:00,2025-10-10T01:16:26-07:00,6,235
projects/index.html,34,html,33a14698,stephmuna,2025-10-10,01:16:26,-07:00,2025-10-10T01:16:26-07:00,4,8
projects/index.html,35,html,33a14698,stephmuna,2025-10-10,01:16:26,-07:00,2025-10-10T01:16:26-07:00,4,7
projects/index.html,36,html,33a14698,stephmuna,2025-10-10,01:16:26,-07:00,2025-10-10T01:16:26-07:00,6,48
projects/index.html,37,html,33a14698,stephmuna,2025-10-10,01:16:26,-07:00,2025-10-10T01:16:26-07:00,6,70
projects/index.html,38,html,33a14698,stephmuna,2025-10-10,01:16:26,-07:00,2025-10-10T01:16:26-07:00,6,255
projects/index.html,39,html,33a14698,stephmuna,2025-10-10,01:16:26,-07:00,2025-10-10T01:16:26-07:00,4,8
projects/index.html,40,html,33a14698,stephmuna,2025-10-10,01:16:26,-07:00,2025-10-10T01:16:26-07:00,4,7
projects/index.html,41,html,33a14698,stephmuna,2025-10-10,01:16:26,-07:00,2025-10-10T01:16:26-07:00,6,39
projects/index.html,42,html,33a14698,stephmuna,2025-10-10,01:16:26,-07:00,2025-10-10T01:16:26-07:00,6,70
projects/index.html,43,html,33a14698,stephmuna,2025-10-10,01:16:26,-07:00,2025-10-10T01:16:26-07:00,6,210
projects/index.html,44,html,33a14698,stephmuna,2025-10-10,01:16:26,-07:00,2025-10-10T01:16:26-07:00,4,8
projects/index.html,45,html,33a14698,stephmuna,2025-10-10,01:16:26,-07:00,2025-10-10T01:16:26-07:00,4,7
projects/index.html,46,html,33a14698,stephmuna,2025-10-10,01:16:26,-07:00,2025-10-10T01:16:26-07:00,6,42
projects/index.html,47,html,33a14698,stephmuna,2025-10-10,01:16:26,-07:00,2025-10-10T01:16:26-07:00,6,70
projects/index.html,48,html,33a14698,stephmuna,2025-10-10,01:16:26,-07:00,2025-10-10T01:16:26-07:00,6,216
projects/index.html,49,html,33a14698,stephmuna,2025-10-10,01:16:26,-07:00,2025-10-10T01:16:26-07:00,4,8
projects/index.html,50,html,33a14698,stephmuna,2025-10-10,01:16:26,-07:00,2025-10-10T01:16:26-07:00,4,7
projects/index.html,51,html,33a14698,stephmuna,2025-10-10,01:16:26,-07:00,2025-10-10T01:16:26-07:00,6,34
projects/index.html,52,html,33a14698,stephmuna,2025-10-10,01:16:26,-07:00,2025-10-10T01:16:26-07:00,6,70
projects/index.html,53,html,33a14698,stephmuna,2025-10-10,01:16:26,-07:00,2025-10-10T01:16:26-07:00,6,212
projects/index.html,54,html,33a14698,stephmuna,2025-10-10,01:16:26,-07:00,2025-10-10T01:16:26-07:00,4,8
projects/index.html,55,html,33a14698,stephmuna,2025-10-10,01:16:26,-07:00,2025-10-10T01:16:26-07:00,4,7
projects/index.html,56,html,33a14698,stephmuna,2025-10-10,01:16:26,-07:00,2025-10-10T01:16:26-07:00,6,36
projects/index.html,57,html,33a14698,stephmuna,2025-10-10,01:16:26,-07:00,2025-10-10T01:16:26-07:00,6,70
projects/index.html,58,html,33a14698,stephmuna,2025-10-10,01:16:26,-07:00,2025-10-10T01:16:26-07:00,6,234
projects/index.html,59,html,33a14698,stephmuna,2025-10-10,01:16:26,-07:00,2025-10-10T01:16:26-07:00,4,8
projects/index.html,60,html,33a14698,stephmuna,2025-10-10,01:16:26,-07:00,2025-10-10T01:16:26-07:00,4,7
projects/index.html,61,html,33a14698,stephmuna,2025-10-10,01:16:26,-07:00,2025-10-10T01:16:26-07:00,6,35
projects/index.html,62,html,33a14698,stephmuna,2025-10-10,01:16:26,-07:00,2025-10-10T01:16:26-07:00,6,70
projects/index.html,63,html,33a14698,stephmuna,2025-10-10,01:16:26,-07:00,2025-10-10T01:16:26-07:00,6,244
projects/index.html,64,html,33a14698,stephmuna,2025-10-10,01:16:26,-07:00,2025-10-10T01:16:26-07:00,4,8
projects/index.html,65,html,33a14698,stephmuna,2025-10-10,01:16:26,-07:00,2025-10-10T01:16:26-07:00,4,7
projects/index.html,66,html,33a14698,stephmuna,2025-10-10,01:16:26,-07:00,2025-10-10T01:16:26-07:00,6,42
projects/index.html,67,html,33a14698,stephmuna,2025-10-10,01:16:26,-07:00,2025-10-10T01:16:26-07:00,6,70
projects/index.html,68,html,33a14698,stephmuna,2025-10-10,01:16:26,-07:00,2025-10-10T01:16:26-07:00,6,217
projects/index.html,69,html,33a14698,stephmuna,2025-10-10,01:16:26,-07:00,2025-10-10T01:16:26-07:00,4,8
projects/index.html,70,html,33a14698,stephmuna,2025-10-10,01:16:26,-07:00,2025-10-10T01:16:26-07:00,4,7
projects/index.html,71,html,33a14698,stephmuna,2025-10-10,01:16:26,-07:00,2025-10-10T01:16:26-07:00,6,38
projects/index.html,72,html,33a14698,stephmuna,2025-10-10,01:16:26,-07:00,2025-10-10T01:16:26-07:00,6,70
projects/index.html,73,html,33a14698,stephmuna,2025-10-10,01:16:26,-07:00,2025-10-10T01:16:26-07:00,6,262
projects/index.html,74,html,33a14698,stephmuna,2025-10-10,01:16:26,-07:00,2025-10-10T01:16:26-07:00,4,8
projects/index.html,75,html,33a14698,stephmuna,2025-10-10,01:16:26,-07:00,2025-10-10T01:16:26-07:00,4,7
projects/index.html,76,html,33a14698,stephmuna,2025-10-10,01:16:26,-07:00,2025-10-10T01:16:26-07:00,6,49
projects/index.html,77,html,33a14698,stephmuna,2025-10-10,01:16:26,-07:00,2025-10-10T01:16:26-07:00,6,70
projects/index.html,78,html,33a14698,stephmuna,2025-10-10,01:16:26,-07:00,2025-10-10T01:16:26-07:00,6,217
projects/index.html,79,html,33a14698,stephmuna,2025-10-10,01:16:26,-07:00,2025-10-10T01:16:26-07:00,4,8
projects/index.html,80,html,33a14698,stephmuna,2025-10-10,01:16:26,-07:00,2025-10-10T01:16:26-07:00,4,7
projects/index.html,81,html,33a14698,stephmuna,2025-10-10,01:16:26,-07:00,2025-10-10T01:16:26-07:00,6,36
projects/index.html,82,html,33a14698,stephmuna,2025-10-10,01:16:26,-07:00,2025-10-10T01:16:26-07:00,6,70
projects/index.html,83,html,33a14698,stephmuna,2025-10-10,01:16:26,-07:00,2025-10-10T01:16:26-07:00,6,229
projects/index.html,84,html,33a14698,stephmuna,2025-10-10,01:16:26,-07:00,2025-10-10T01:16:26-07:00,4,8
projects/index.html,85,html,33a14698,stephmuna,2025-10-10,01:16:26,-07:00,2025-10-10T01:16:26-07:00,4,7
projects/index.html,86,html,33a14698,stephmuna,2025-10-10,01:16:26,-07:00,2025-10-10T01:16:26-07:00,6,46
projects/index.html,87,html,33a14698,stephmuna,2025-10-10,01:16:26,-07:00,2025-10-10T01:16:26-07:00,6,70
projects/index.html,88,html,33a14698,stephmuna,2025-10-10,01:16:26,-07:00,2025-10-10T01:16:26-07:00,6,211
projects/index.html,89,html,e875902b,stephmuna,2025-10-25,20:44:02,-07:00,2025-10-25T20:44:02-07:00,4,12
projects/index.html,90,html,e875902b,stephmuna,2025-10-25,20:44:02,-07:00,2025-10-25T20:44:02-07:00,4,0
projects/index.html,91,html,33a14698,stephmuna,2025-10-10,01:16:26,-07:00,2025-10-10T01:16:26-07:00,2,4
projects/index.html,92,html,33a14698,stephmuna,2025-10-10,01:16:26,-07:00,2025-10-10T01:16:26-07:00,0,0
projects/index.html,93,html,33a14698,stephmuna,2025-10-10,01:16:26,-07:00,2025-10-10T01:16:26-07:00,0,0
projects/index.html,94,html,e875902b,stephmuna,2025-10-25,20:44:02,-07:00,2025-10-25T20:44:02-07:00,1,48
projects/index.html,95,html,e875902b,stephmuna,2025-10-25,20:44:02,-07:00,2025-10-25T20:44:02-07:00,1,47
projects/index.html,96,html,e875902b,stephmuna,2025-10-25,20:44:02,-07:00,2025-10-25T20:44:02-07:00,0,0
projects/index.html,97,html,54475904,stephmuna,2025-10-03,20:49:42,-07:00,2025-10-03T20:49:42-07:00,0,5
projects/index.html,98,html,54475904,stephmuna,2025-10-03,20:49:42,-07:00,2025-10-03T20:49:42-07:00,0,5
contact/index.html,1,html,54475904,stephmuna,2025-10-03,20:49:42,-07:00,2025-10-03T20:49:42-07:00,0,13
contact/index.html,2,html,54475904,stephmuna,2025-10-03,20:49:42,-07:00,2025-10-03T20:49:42-07:00,0,14
contact/index.html,3,html,54475904,stephmuna,2025-10-03,20:49:42,-07:00,2025-10-03T20:49:42-07:00,0,4
contact/index.html,4,html,54475904,stephmuna,2025-10-03,20:49:42,-07:00,2025-10-03T20:49:42-07:00,2,20
contact/index.html,5,html,54475904,stephmuna,2025-10-03,20:49:42,-07:00,2025-10-03T20:49:42-07:00,2,68
contact/index.html,6,html,54475904,stephmuna,2025-10-03,20:49:42,-07:00,2025-10-03T20:49:42-07:00,2,32
contact/index.html,7,html,33a14698,stephmuna,2025-10-10,01:16:26,-07:00,2025-10-10T01:16:26-07:00,2,41
contact/index.html,8,html,54475904,stephmuna,2025-10-03,20:49:42,-07:00,2025-10-03T20:49:42-07:00,0,5
contact/index.html,9,html,54475904,stephmuna,2025-10-03,20:49:42,-07:00,2025-10-03T20:49:42-07:00,0,4
contact/index.html,10,html,54475904,stephmuna,2025-10-03,20:49:42,-07:00,2025-10-03T20:49:42-07:00,0,0
contact/index.html,11,html,3fbe2540,stephmuna,2025-10-17,02:10:04,-07:00,2025-10-17T02:10:04-07:00,2,0
contact/index.html,12,html,54475904,stephmuna,2025-10-03,20:49:42,-07:00,2025-10-03T20:49:42-07:00,2,0
contact/index.html,13,html,54475904,stephmuna,2025-10-03,20:49:42,-07:00,2025-10-03T20:49:42-07:00,0,0
contact/index.html,14,html,3fbe2540,stephmuna,2025-10-17,02:10:04,-07:00,2025-10-17T02:10:04-07:00,2,21
contact/index.html,15,html,54475904,stephmuna,2025-10-03,20:49:42,-07:00,2025-10-03T20:49:42-07:00,0,0
contact/index.html,16,html,54475904,stephmuna,2025-10-03,20:49:42,-07:00,2025-10-03T20:49:42-07:00,2,0
contact/index.html,17,html,54475904,stephmuna,2025-10-03,20:49:42,-07:00,2025-10-03T20:49:42-07:00,0,0
contact/index.html,18,html,54475904,stephmuna,2025-10-03,20:49:42,-07:00,2025-10-03T20:49:42-07:00,2,0
contact/index.html,19,html,54475904,stephmuna,2025-10-03,20:49:42,-07:00,2025-10-03T20:49:42-07:00,0,0
contact/index.html,20,html,3fbe2540,stephmuna,2025-10-17,02:10:04,-07:00,2025-10-17T02:10:04-07:00,4,57
contact/index.html,21,html,3fbe2540,stephmuna,2025-10-17,02:10:04,-07:00,2025-10-17T02:10:04-07:00,6,0
contact/index.html,22,html,54475904,stephmuna,2025-10-03,20:49:42,-07:00,2025-10-03T20:49:42-07:00,6,5
contact/index.html,23,html,54475904,stephmuna,2025-10-03,20:49:42,-07:00,2025-10-03T20:49:42-07:00,8,6
contact/index.html,24,html,54475904,stephmuna,2025-10-03,20:49:42,-07:00,2025-10-03T20:49:42-07:00,8,20
contact/index.html,25,html,54475904,stephmuna,2025-10-03,20:49:42,-07:00,2025-10-03T20:49:42-07:00,6,6
contact/index.html,26,html,e9d83eab,stephmuna,2025-10-03,21:10:16,-07:00,2025-10-03T21:10:16-07:00,6,2
contact/index.html,27,html,54475904,stephmuna,2025-10-03,20:49:42,-07:00,2025-10-03T20:49:42-07:00,6,5
contact/index.html,28,html,33a14698,stephmuna,2025-10-10,01:16:26,-07:00,2025-10-10T01:16:26-07:00,8,6
contact/index.html,29,html,54475904,stephmuna,2025-10-03,20:49:42,-07:00,2025-10-03T20:49:42-07:00,8,31
contact/index.html,30,html,54475904,stephmuna,2025-10-03,20:49:42,-07:00,2025-10-03T20:49:42-07:00,6,6
contact/index.html,31,html,e9d83eab,stephmuna,2025-10-03,21:10:16,-07:00,2025-10-03T21:10:16-07:00,6,2
contact/index.html,32,html,54475904,stephmuna,2025-10-03,20:49:42,-07:00,2025-10-03T20:49:42-07:00,6,33
contact/index.html,33,html,54475904,stephmuna,2025-10-03,20:49:42,-07:00,2025-10-03T20:49:42-07:00,4,5
contact/index.html,34,html,3fbe2540,stephmuna,2025-10-17,02:10:04,-07:00,2025-10-17T02:10:04-07:00,0,0
contact/index.html,35,html,3fbe2540,stephmuna,2025-10-17,02:10:04,-07:00,2025-10-17T02:10:04-07:00,0,48
contact/index.html,36,html,54475904,stephmuna,2025-10-03,20:49:42,-07:00,2025-10-03T20:49:42-07:00,0,5
contact/index.html,37,html,54475904,stephmuna,2025-10-03,20:49:42,-07:00,2025-10-03T20:49:42-07:00,0,5
